AB13C_ORYSJ; 5;Oryza sativa subsp. japonica (Rice)
AB32G_ORYSJ; 5;Oryza sativa subsp. japonica (Rice)
AB34G_ORYSJ; 5;Oryza sativa subsp. japonica (Rice)
AB35G_ORYSJ; 5;Oryza sativa subsp. japonica (Rice)
AB36G_ORYSJ; 5;Oryza sativa subsp. japonica (Rice)
AB39G_ORYSJ; 5;Oryza sativa subsp. japonica (Rice)
AB44G_ORYSJ; 5;Oryza sativa subsp. japonica (Rice)
AB42G_ORYSJ; 5;Oryza sativa subsp. japonica (Rice)
AB38G_ORYSJ; 5;Oryza sativa subsp. japonica (Rice)
AB43G_ORYSJ; 5;Oryza sativa subsp. japonica (Rice)
AB46G_ORYSJ; 5;Oryza sativa subsp. japonica (Rice)
AB49G_ORYSJ; 5;Oryza sativa subsp. japonica (Rice)
AB41G_ORYSJ; 5;Oryza sativa subsp. japonica (Rice)
AB53G_ORYSJ; 5;Oryza sativa subsp. japonica (Rice)
AB48G_ORYSJ; 5;Oryza sativa subsp. japonica (Rice)
AB37G_ORYSJ; 5;Oryza sativa subsp. japonica (Rice)
AB40G_ORYSJ; 5;Oryza sativa subsp. japonica (Rice)
ACC1_ORYSJ; 5;Oryza sativa subsp. japonica (Rice)
ACC2_ORYSJ; 5;Oryza sativa subsp. japonica (Rice)
ATR_ORYSJ; 5;Oryza sativa subsp. japonica (Rice)
BIG_ORYSJ; 5;Oryza sativa subsp. japonica (Rice)
CLH2_ORYSJ; 5;Oryza sativa subsp. japonica (Rice)
CLH1_ORYSJ; 5;Oryza sativa subsp. japonica (Rice)
DCL1_ORYSJ; 5;Oryza sativa subsp. japonica (Rice)
DCL3A_ORYSJ; 5;Oryza sativa subsp. japonica (Rice)
DCL3B_ORYSJ; 5;Oryza sativa subsp. japonica (Rice)
DCL4_ORYSJ; 5;Oryza sativa subsp. japonica (Rice)
DEK1_ORYSJ; 5;Oryza sativa subsp. japonica (Rice)
DNM1B_ORYSJ; 5;Oryza sativa subsp. japonica (Rice)
DNM1A_ORYSJ; 5;Oryza sativa subsp. japonica (Rice)
DPOLA_ORYSJ; 5;Oryza sativa subsp. japonica (Rice)
FH12_ORYSJ; 5;Oryza sativa subsp. japonica (Rice)
FH5_ORYSJ; 5;Oryza sativa subsp. japonica (Rice)
GLT1_ORYSJ; 5;Oryza sativa subsp. japonica (Rice)
GLT2_ORYSJ; 5;Oryza sativa subsp. japonica (Rice)
GLTB_ORYSJ; 5;Oryza sativa subsp. japonica (Rice)
HACL1_ORYSJ; 5;Oryza sativa subsp. japonica (Rice)
HACL2_ORYSJ; 5;Oryza sativa subsp. japonica (Rice)
IF4G_ORYSJ; 5;Oryza sativa subsp. japonica (Rice)
MOR1_ORYSJ; 5;Oryza sativa subsp. japonica (Rice)
RPOC2_ORYSJ; 5;Oryza sativa subsp. japonica (Rice)
SCRL1_ORYSJ; 5;Oryza sativa subsp. japonica (Rice)
SE14_ORYSJ; 5;Oryza sativa subsp. japonica (Rice)
TAF1_ORYSJ; 5;Oryza sativa subsp. japonica (Rice)
TOR_ORYSJ; 5;Oryza sativa subsp. japonica (Rice)
Q8W5M7_ORYSJ; 5;Oryza sativa subsp. japonica (Rice)
Q6AV77_ORYSJ; 5;Oryza sativa subsp. japonica (Rice)
Q53ML6_ORYSJ; 5;Oryza sativa subsp. japonica (Rice)
Q7G6D3_ORYSJ; 5;Oryza sativa subsp. japonica (Rice)
Q8LLY0_ORYSJ; 5;Oryza sativa subsp. japonica (Rice)
Q7X7E1_ORYSJ; 5;Oryza sativa subsp. japonica (Rice)
Q94LQ9_ORYSJ; 5;Oryza sativa subsp. japonica (Rice)
Q5W683_ORYSJ; 5;Oryza sativa subsp. japonica (Rice)
Q10Q16_ORYSJ; 5;Oryza sativa subsp. japonica (Rice)
Q53PY0_ORYSJ; 5;Oryza sativa subsp. japonica (Rice)
Q7Y1G0_ORYSJ; 5;Oryza sativa subsp. japonica (Rice)
Q2R1P5_ORYSJ; 5;Oryza sativa subsp. japonica (Rice)
Q53JT1_ORYSJ; 5;Oryza sativa subsp. japonica (Rice)
Q8LMC1_ORYSJ; 5;Oryza sativa subsp. japonica (Rice)
Q53KP3_ORYSJ; 5;Oryza sativa subsp. japonica (Rice)
Q5W677_ORYSJ; 5;Oryza sativa subsp. japonica (Rice)
Q7F9M3_ORYSJ; 5;Oryza sativa subsp. japonica (Rice)
Q8LMT8_ORYSJ; 5;Oryza sativa subsp. japonica (Rice)
Q2R3L7_ORYSJ; 5;Oryza sativa subsp. japonica (Rice)
Q6AV09_ORYSJ; 5;Oryza sativa subsp. japonica (Rice)
Q7X7N7_ORYSJ; 5;Oryza sativa subsp. japonica (Rice)
Q94HV6_ORYSJ; 5;Oryza sativa subsp. japonica (Rice)
Q8S5U9_ORYSJ; 5;Oryza sativa subsp. japonica (Rice)
Q7XR12_ORYSJ; 5;Oryza sativa subsp. japonica (Rice)
Q9AUU4_ORYSJ; 5;Oryza sativa subsp. japonica (Rice)
Q69QX4_ORYSJ; 5;Oryza sativa subsp. japonica (Rice)
Q8S823_ORYSJ; 5;Oryza sativa subsp. japonica (Rice)
Q5ZDE5_ORYSJ; 5;Oryza sativa subsp. japonica (Rice)
Q84T73_ORYSJ; 5;Oryza sativa subsp. japonica (Rice)
Q94I15_ORYSJ; 5;Oryza sativa subsp. japonica (Rice)
Q6Z2J8_ORYSJ; 5;Oryza sativa subsp. japonica (Rice)
Q93Y90_ORYSJ; 5;Oryza sativa subsp. japonica (Rice)
Q7XTQ9_ORYSJ; 5;Oryza sativa subsp. japonica (Rice)
Q75HQ1_ORYSJ; 5;Oryza sativa subsp. japonica (Rice)
Q75J40_ORYSJ; 5;Oryza sativa subsp. japonica (Rice)
Q8W2R1_ORYSJ; 5;Oryza sativa subsp. japonica (Rice)
Q5VMT5_ORYSJ; 5;Oryza sativa subsp. japonica (Rice)
Q75KX0_ORYSJ; 5;Oryza sativa subsp. japonica (Rice)
Q8W5N5_ORYSJ; 5;Oryza sativa subsp. japonica (Rice)
Q7EY18_ORYSJ; 5;Oryza sativa subsp. japonica (Rice)
Q8LLZ2_ORYSJ; 5;Oryza sativa subsp. japonica (Rice)
Q5ZCR4_ORYSJ; 5;Oryza sativa subsp. japonica (Rice)
Q53JT6_ORYSJ; 5;Oryza sativa subsp. japonica (Rice)
Q53J91_ORYSJ; 5;Oryza sativa subsp. japonica (Rice)
Q53PM7_ORYSJ; 5;Oryza sativa subsp. japonica (Rice)
Q7X8X4_ORYSJ; 5;Oryza sativa subsp. japonica (Rice)
Q53L75_ORYSJ; 5;Oryza sativa subsp. japonica (Rice)
Q688G2_ORYSJ; 5;Oryza sativa subsp. japonica (Rice)
Q6AV56_ORYSJ; 5;Oryza sativa subsp. japonica (Rice)
Q8LM87_ORYSJ; 5;Oryza sativa subsp. japonica (Rice)
Q7X726_ORYSJ; 5;Oryza sativa subsp. japonica (Rice)
Q8H904_ORYSJ; 5;Oryza sativa subsp. japonica (Rice)
Q53PV1_ORYSJ; 5;Oryza sativa subsp. japonica (Rice)
Q8S844_ORYSJ; 5;Oryza sativa subsp. japonica (Rice)
Q6F2W2_ORYSJ; 5;Oryza sativa subsp. japonica (Rice)
Q53MA1_ORYSJ; 5;Oryza sativa subsp. japonica (Rice)
Q2R8J3_ORYSJ; 5;Oryza sativa subsp. japonica (Rice)
Q84JT1_ORYSJ; 5;Oryza sativa subsp. japonica (Rice)
Q8S678_ORYSJ; 5;Oryza sativa subsp. japonica (Rice)
Q6AUV2_ORYSJ; 5;Oryza sativa subsp. japonica (Rice)
Q84MY2_ORYSJ; 5;Oryza sativa subsp. japonica (Rice)
Q53J67_ORYSJ; 5;Oryza sativa subsp. japonica (Rice)
Q84T51_ORYSJ; 5;Oryza sativa subsp. japonica (Rice)
Q53J32_ORYSJ; 5;Oryza sativa subsp. japonica (Rice)
Q94HT9_ORYSJ; 5;Oryza sativa subsp. japonica (Rice)
Q7XXN1_ORYSJ; 5;Oryza sativa subsp. japonica (Rice)
Q10D20_ORYSJ; 5;Oryza sativa subsp. japonica (Rice)
Q8W0J2_ORYSJ; 5;Oryza sativa subsp. japonica (Rice)
Q60D63_ORYSJ; 5;Oryza sativa subsp. japonica (Rice)
Q53KI9_ORYSJ; 5;Oryza sativa subsp. japonica (Rice)
Q53LW4_ORYSJ; 5;Oryza sativa subsp. japonica (Rice)
Q53M75_ORYSJ; 5;Oryza sativa subsp. japonica (Rice)
Q7G774_ORYSJ; 5;Oryza sativa subsp. japonica (Rice)
Q7XFZ5_ORYSJ; 5;Oryza sativa subsp. japonica (Rice)
Q7XS19_ORYSJ; 5;Oryza sativa subsp. japonica (Rice)
Q53Q35_ORYSJ; 5;Oryza sativa subsp. japonica (Rice)
Q53M59_ORYSJ; 5;Oryza sativa subsp. japonica (Rice)
Q6ENK5_ORYSJ; 5;Oryza sativa subsp. japonica (Rice)
Q53JL3_ORYSJ; 5;Oryza sativa subsp. japonica (Rice)
Q8H898_ORYSJ; 5;Oryza sativa subsp. japonica (Rice)
Q7XFI5_ORYSJ; 5;Oryza sativa subsp. japonica (Rice)
Q8S782_ORYSJ; 5;Oryza sativa subsp. japonica (Rice)
Q7X8F3_ORYSJ; 5;Oryza sativa subsp. japonica (Rice)
Q8H7K1_ORYSJ; 5;Oryza sativa subsp. japonica (Rice)
Q851D3_ORYSJ; 5;Oryza sativa subsp. japonica (Rice)
Q53LC9_ORYSJ; 5;Oryza sativa subsp. japonica (Rice)
Q6ZE11_ORYSJ; 5;Oryza sativa subsp. japonica (Rice)
Q7XJX8_ORYSJ; 5;Oryza sativa subsp. japonica (Rice)
Q6ATV9_ORYSJ; 5;Oryza sativa subsp. japonica (Rice)
Q94I61_ORYSJ; 5;Oryza sativa subsp. japonica (Rice)
Q7X8X0_ORYSJ; 5;Oryza sativa subsp. japonica (Rice)
Q8GTA9_ORYSJ; 5;Oryza sativa subsp. japonica (Rice)
Q2QVA9_ORYSJ; 5;Oryza sativa subsp. japonica (Rice)
Q53QH6_ORYSJ; 5;Oryza sativa subsp. japonica (Rice)
Q6ATW0_ORYSJ; 5;Oryza sativa subsp. japonica (Rice)
Q8S789_ORYSJ; 5;Oryza sativa subsp. japonica (Rice)
Q84T69_ORYSJ; 5;Oryza sativa subsp. japonica (Rice)
Q75GS3_ORYSJ; 5;Oryza sativa subsp. japonica (Rice)
Q53NQ3_ORYSJ; 5;Oryza sativa subsp. japonica (Rice)
Q7XB75_ORYSJ; 5;Oryza sativa subsp. japonica (Rice)
Q84R69_ORYSJ; 5;Oryza sativa subsp. japonica (Rice)
Q7X8G8_ORYSJ; 5;Oryza sativa subsp. japonica (Rice)
Q7XLN9_ORYSJ; 5;Oryza sativa subsp. japonica (Rice)
Q6AVE6_ORYSJ; 5;Oryza sativa subsp. japonica (Rice)
Q94E55_ORYSJ; 5;Oryza sativa subsp. japonica (Rice)
Q6YSD5_ORYSJ; 5;Oryza sativa subsp. japonica (Rice)
Q53RL5_ORYSJ; 5;Oryza sativa subsp. japonica (Rice)
Q6ATN2_ORYSJ; 5;Oryza sativa subsp. japonica (Rice)
Q2QXH7_ORYSJ; 5;Oryza sativa subsp. japonica (Rice)
Q7XSK7_ORYSJ; 5;Oryza sativa subsp. japonica (Rice)
Q6AVG8_ORYSJ; 5;Oryza sativa subsp. japonica (Rice)
Q8LQU3_ORYSJ; 5;Oryza sativa subsp. japonica (Rice)
Q94H45_ORYSJ; 5;Oryza sativa subsp. japonica (Rice)
Q94I07_ORYSJ; 5;Oryza sativa subsp. japonica (Rice)
Q8H3L8_ORYSJ; 5;Oryza sativa subsp. japonica (Rice)
Q7XW39_ORYSJ; 5;Oryza sativa subsp. japonica (Rice)
Q53J31_ORYSJ; 5;Oryza sativa subsp. japonica (Rice)
Q84SQ8_ORYSJ; 5;Oryza sativa subsp. japonica (Rice)
Q5JNB3_ORYSJ; 5;Oryza sativa subsp. japonica (Rice)
Q5W682_ORYSJ; 5;Oryza sativa subsp. japonica (Rice)
Q53PM6_ORYSJ; 5;Oryza sativa subsp. japonica (Rice)
Q8H854_ORYSJ; 5;Oryza sativa subsp. japonica (Rice)
Q53LN5_ORYSJ; 5;Oryza sativa subsp. japonica (Rice)
Q53MZ6_ORYSJ; 5;Oryza sativa subsp. japonica (Rice)
Q6F342_ORYSJ; 5;Oryza sativa subsp. japonica (Rice)
Q8H8H4_ORYSJ; 5;Oryza sativa subsp. japonica (Rice)
Q94HV2_ORYSJ; 5;Oryza sativa subsp. japonica (Rice)
Q8LMB9_ORYSJ; 5;Oryza sativa subsp. japonica (Rice)
Q53QK1_ORYSJ; 5;Oryza sativa subsp. japonica (Rice)
Q94H43_ORYSJ; 5;Oryza sativa subsp. japonica (Rice)
Q7X5X7_ORYSJ; 5;Oryza sativa subsp. japonica (Rice)
Q7Y0A9_ORYSJ; 5;Oryza sativa subsp. japonica (Rice)
Q53N40_ORYSJ; 5;Oryza sativa subsp. japonica (Rice)
Q53J46_ORYSJ; 5;Oryza sativa subsp. japonica (Rice)
Q8LSR5_ORYSJ; 5;Oryza sativa subsp. japonica (Rice)
Q8GU64_ORYSJ; 5;Oryza sativa subsp. japonica (Rice)
Q10P53_ORYSJ; 5;Oryza sativa subsp. japonica (Rice)
Q7X798_ORYSJ; 5;Oryza sativa subsp. japonica (Rice)
Q75KU5_ORYSJ; 5;Oryza sativa subsp. japonica (Rice)
Q53J66_ORYSJ; 5;Oryza sativa subsp. japonica (Rice)
Q8S7X8_ORYSJ; 5;Oryza sativa subsp. japonica (Rice)
Q84SU1_ORYSJ; 5;Oryza sativa subsp. japonica (Rice)
Q7X7I3_ORYSJ; 5;Oryza sativa subsp. japonica (Rice)
Q53L67_ORYSJ; 5;Oryza sativa subsp. japonica (Rice)
Q0DKN9_ORYSJ; 5;Oryza sativa subsp. japonica (Rice)
Q851C0_ORYSJ; 5;Oryza sativa subsp. japonica (Rice)
Q53ML4_ORYSJ; 5;Oryza sativa subsp. japonica (Rice)
Q8S5H3_ORYSJ; 5;Oryza sativa subsp. japonica (Rice)
Q6AUT8_ORYSJ; 5;Oryza sativa subsp. japonica (Rice)
Q6AT86_ORYSJ; 5;Oryza sativa subsp. japonica (Rice)
Q6F3A3_ORYSJ; 5;Oryza sativa subsp. japonica (Rice)
Q8GU65_ORYSJ; 5;Oryza sativa subsp. japonica (Rice)
Q60EL2_ORYSJ; 5;Oryza sativa subsp. japonica (Rice)
Q53JQ7_ORYSJ; 5;Oryza sativa subsp. japonica (Rice)
Q8H843_ORYSJ; 5;Oryza sativa subsp. japonica (Rice)
Q8H4K7_ORYSJ; 5;Oryza sativa subsp. japonica (Rice)
Q7XQ50_ORYSJ; 5;Oryza sativa subsp. japonica (Rice)
Q7Y1P5_ORYSJ; 5;Oryza sativa subsp. japonica (Rice)
Q60EL1_ORYSJ; 5;Oryza sativa subsp. japonica (Rice)
Q8LSS7_ORYSJ; 5;Oryza sativa subsp. japonica (Rice)
Q94HP9_ORYSJ; 5;Oryza sativa subsp. japonica (Rice)
Q8W3H2_ORYSJ; 5;Oryza sativa subsp. japonica (Rice)
Q53M25_ORYSJ; 5;Oryza sativa subsp. japonica (Rice)
Q53JP6_ORYSJ; 5;Oryza sativa subsp. japonica (Rice)
Q7XLE8_ORYSJ; 5;Oryza sativa subsp. japonica (Rice)
Q60D64_ORYSJ; 5;Oryza sativa subsp. japonica (Rice)
Q53J85_ORYSJ; 5;Oryza sativa subsp. japonica (Rice)
Q53JM3_ORYSJ; 5;Oryza sativa subsp. japonica (Rice)
Q7G784_ORYSJ; 5;Oryza sativa subsp. japonica (Rice)
Q53L37_ORYSJ; 5;Oryza sativa subsp. japonica (Rice)
Q8LMA6_ORYSJ; 5;Oryza sativa subsp. japonica (Rice)
Q7XBQ6_ORYSJ; 5;Oryza sativa subsp. japonica (Rice)
Q53KV8_ORYSJ; 5;Oryza sativa subsp. japonica (Rice)
Q8H7Y0_ORYSJ; 5;Oryza sativa subsp. japonica (Rice)
Q2RBM8_ORYSJ; 5;Oryza sativa subsp. japonica (Rice)
Q94LN5_ORYSJ; 5;Oryza sativa subsp. japonica (Rice)
Q2QQV7_ORYSJ; 5;Oryza sativa subsp. japonica (Rice)
Q6MW78_ORYSJ; 5;Oryza sativa subsp. japonica (Rice)
Q53NQ5_ORYSJ; 5;Oryza sativa subsp. japonica (Rice)
Q53QC3_ORYSJ; 5;Oryza sativa subsp. japonica (Rice)
Q5W693_ORYSJ; 5;Oryza sativa subsp. japonica (Rice)
Q0J2Z7_ORYSJ; 5;Oryza sativa subsp. japonica (Rice)
Q75H51_ORYSJ; 5;Oryza sativa subsp. japonica (Rice)
Q8S696_ORYSJ; 5;Oryza sativa subsp. japonica (Rice)
Q7X7G0_ORYSJ; 5;Oryza sativa subsp. japonica (Rice)
Q84R06_ORYSJ; 5;Oryza sativa subsp. japonica (Rice)
Q53Q24_ORYSJ; 5;Oryza sativa subsp. japonica (Rice)
Q8SB51_ORYSJ; 5;Oryza sativa subsp. japonica (Rice)
Q6YU44_ORYSJ; 5;Oryza sativa subsp. japonica (Rice)
Q8S671_ORYSJ; 5;Oryza sativa subsp. japonica (Rice)
Q7XPD6_ORYSJ; 5;Oryza sativa subsp. japonica (Rice)
Q7X6G7_ORYSJ; 5;Oryza sativa subsp. japonica (Rice)
Q53PJ3_ORYSJ; 5;Oryza sativa subsp. japonica (Rice)
Q5N6Y2_ORYSJ; 5;Oryza sativa subsp. japonica (Rice)
Q75IC9_ORYSJ; 5;Oryza sativa subsp. japonica (Rice)
Q7X693_ORYSJ; 5;Oryza sativa subsp. japonica (Rice)
Q7X7A3_ORYSJ; 5;Oryza sativa subsp. japonica (Rice)
Q75KG3_ORYSJ; 5;Oryza sativa subsp. japonica (Rice)
Q84MW6_ORYSJ; 5;Oryza sativa subsp. japonica (Rice)
Q6ZJN4_ORYSJ; 5;Oryza sativa subsp. japonica (Rice)
Q53N31_ORYSJ; 5;Oryza sativa subsp. japonica (Rice)
Q53MK0_ORYSJ; 5;Oryza sativa subsp. japonica (Rice)
Q53N88_ORYSJ; 5;Oryza sativa subsp. japonica (Rice)
Q948C7_ORYSJ; 5;Oryza sativa subsp. japonica (Rice)
Q8S6L9_ORYSJ; 5;Oryza sativa subsp. japonica (Rice)
Q8LLX8_ORYSJ; 5;Oryza sativa subsp. japonica (Rice)
Q53N03_ORYSJ; 5;Oryza sativa subsp. japonica (Rice)
Q7Y1G3_ORYSJ; 5;Oryza sativa subsp. japonica (Rice)
Q947Y6_ORYSJ; 5;Oryza sativa subsp. japonica (Rice)
Q8H5A7_ORYSJ; 5;Oryza sativa subsp. japonica (Rice)
Q53L90_ORYSJ; 5;Oryza sativa subsp. japonica (Rice)
Q8S5L6_ORYSJ; 5;Oryza sativa subsp. japonica (Rice)
Q53NR4_ORYSJ; 5;Oryza sativa subsp. japonica (Rice)
Q2QQV9_ORYSJ; 5;Oryza sativa subsp. japonica (Rice)
Q6AV92_ORYSJ; 5;Oryza sativa subsp. japonica (Rice)
Q75L75_ORYSJ; 5;Oryza sativa subsp. japonica (Rice)
Q53N07_ORYSJ; 5;Oryza sativa subsp. japonica (Rice)
Q94H22_ORYSJ; 5;Oryza sativa subsp. japonica (Rice)
Q75HX8_ORYSJ; 5;Oryza sativa subsp. japonica (Rice)
Q7XPP8_ORYSJ; 5;Oryza sativa subsp. japonica (Rice)
Q53PX0_ORYSJ; 5;Oryza sativa subsp. japonica (Rice)
Q852C7_ORYSJ; 5;Oryza sativa subsp. japonica (Rice)
Q8LSR3_ORYSJ; 5;Oryza sativa subsp. japonica (Rice)
Q84R58_ORYSJ; 5;Oryza sativa subsp. japonica (Rice)
Q7XM41_ORYSJ; 5;Oryza sativa subsp. japonica (Rice)
Q7F2E9_ORYSJ; 5;Oryza sativa subsp. japonica (Rice)
Q5VMP5_ORYSJ; 5;Oryza sativa subsp. japonica (Rice)
Q6K796_ORYSJ; 5;Oryza sativa subsp. japonica (Rice)
Q9AV25_ORYSJ; 5;Oryza sativa subsp. japonica (Rice)
Q6Z7C5_ORYSJ; 5;Oryza sativa subsp. japonica (Rice)
Q8SB03_ORYSJ; 5;Oryza sativa subsp. japonica (Rice)
Q8H851_ORYSJ; 5;Oryza sativa subsp. japonica (Rice)
Q8LND1_ORYSJ; 5;Oryza sativa subsp. japonica (Rice)
Q84MG2_ORYSJ; 5;Oryza sativa subsp. japonica (Rice)
Q8LLZ4_ORYSJ; 5;Oryza sativa subsp. japonica (Rice)
Q8RUA5_ORYSJ; 5;Oryza sativa subsp. japonica (Rice)
Q75K98_ORYSJ; 5;Oryza sativa subsp. japonica (Rice)
Q60DH3_ORYSJ; 5;Oryza sativa subsp. japonica (Rice)
Q7XQE6_ORYSJ; 5;Oryza sativa subsp. japonica (Rice)
Q84MP1_ORYSJ; 5;Oryza sativa subsp. japonica (Rice)
Q850U0_ORYSJ; 5;Oryza sativa subsp. japonica (Rice)
Q8S1X0_ORYSJ; 5;Oryza sativa subsp. japonica (Rice)
Q6ASR4_ORYSJ; 5;Oryza sativa subsp. japonica (Rice)
Q6L4D5_ORYSJ; 5;Oryza sativa subsp. japonica (Rice)
Q53PS3_ORYSJ; 5;Oryza sativa subsp. japonica (Rice)
Q6K6A2_ORYSJ; 5;Oryza sativa subsp. japonica (Rice)
Q53L26_ORYSJ; 5;Oryza sativa subsp. japonica (Rice)
Q67VW4_ORYSJ; 5;Oryza sativa subsp. japonica (Rice)
Q7X7S3_ORYSJ; 5;Oryza sativa subsp. japonica (Rice)
Q7F974_ORYSJ; 5;Oryza sativa subsp. japonica (Rice)
Q53KF7_ORYSJ; 5;Oryza sativa subsp. japonica (Rice)
Q7FAL2_ORYSJ; 5;Oryza sativa subsp. japonica (Rice)
Q33A24_ORYSJ; 5;Oryza sativa subsp. japonica (Rice)
Q75M12_ORYSJ; 5;Oryza sativa subsp. japonica (Rice)
Q53QL2_ORYSJ; 5;Oryza sativa subsp. japonica (Rice)
Q53JH7_ORYSJ; 5;Oryza sativa subsp. japonica (Rice)
Q6ATB5_ORYSJ; 5;Oryza sativa subsp. japonica (Rice)
Q94LS7_ORYSJ; 5;Oryza sativa subsp. japonica (Rice)
Q8SB96_ORYSJ; 5;Oryza sativa subsp. japonica (Rice)
Q53LQ6_ORYSJ; 5;Oryza sativa subsp. japonica (Rice)
Q53NA3_ORYSJ; 5;Oryza sativa subsp. japonica (Rice)
Q8S2M4_ORYSJ; 5;Oryza sativa subsp. japonica (Rice)
Q75M60_ORYSJ; 5;Oryza sativa subsp. japonica (Rice)
Q8RV09_ORYSJ; 5;Oryza sativa subsp. japonica (Rice)
Q67VX5_ORYSJ; 5;Oryza sativa subsp. japonica (Rice)
Q53Q06_ORYSJ; 5;Oryza sativa subsp. japonica (Rice)
Q53JJ6_ORYSJ; 5;Oryza sativa subsp. japonica (Rice)
Q53JI6_ORYSJ; 5;Oryza sativa subsp. japonica (Rice)
Q84MV2_ORYSJ; 5;Oryza sativa subsp. japonica (Rice)
Q7XLQ7_ORYSJ; 5;Oryza sativa subsp. japonica (Rice)
Q53NC4_ORYSJ; 5;Oryza sativa subsp. japonica (Rice)
Q53P32_ORYSJ; 5;Oryza sativa subsp. japonica (Rice)
Q7X8U1_ORYSJ; 5;Oryza sativa subsp. japonica (Rice)
Q8LMW1_ORYSJ; 5;Oryza sativa subsp. japonica (Rice)
Q53ND1_ORYSJ; 5;Oryza sativa subsp. japonica (Rice)
Q7XP29_ORYSJ; 5;Oryza sativa subsp. japonica (Rice)
Q8W5K9_ORYSJ; 5;Oryza sativa subsp. japonica (Rice)
Q53N43_ORYSJ; 5;Oryza sativa subsp. japonica (Rice)
Q7X6S2_ORYSJ; 5;Oryza sativa subsp. japonica (Rice)
Q69XU9_ORYSJ; 5;Oryza sativa subsp. japonica (Rice)
Q7X8Z6_ORYSJ; 5;Oryza sativa subsp. japonica (Rice)
Q8S6N2_ORYSJ; 5;Oryza sativa subsp. japonica (Rice)
Q84Q97_ORYSJ; 5;Oryza sativa subsp. japonica (Rice)
Q5ZDE4_ORYSJ; 5;Oryza sativa subsp. japonica (Rice)
Q7XN29_ORYSJ; 5;Oryza sativa subsp. japonica (Rice)
Q75G47_ORYSJ; 5;Oryza sativa subsp. japonica (Rice)
Q7XQ52_ORYSJ; 5;Oryza sativa subsp. japonica (Rice)
Q6YU89_ORYSJ; 5;Oryza sativa subsp. japonica (Rice)
Q688L2_ORYSJ; 5;Oryza sativa subsp. japonica (Rice)
Q5W6Z3_ORYSJ; 5;Oryza sativa subsp. japonica (Rice)
Q7XQB5_ORYSJ; 5;Oryza sativa subsp. japonica (Rice)
Q7X6B4_ORYSJ; 5;Oryza sativa subsp. japonica (Rice)
Q6ATX7_ORYSJ; 5;Oryza sativa subsp. japonica (Rice)
Q6Z7R3_ORYSJ; 5;Oryza sativa subsp. japonica (Rice)
Q5QE81_ORYSJ; 5;Oryza sativa subsp. japonica (Rice)
Q7XVC7_ORYSJ; 5;Oryza sativa subsp. japonica (Rice)
Q7X7K0_ORYSJ; 5;Oryza sativa subsp. japonica (Rice)
Q7XTR4_ORYSJ; 5;Oryza sativa subsp. japonica (Rice)
Q6Z027_ORYSJ; 5;Oryza sativa subsp. japonica (Rice)
Q7X7Y4_ORYSJ; 5;Oryza sativa subsp. japonica (Rice)
Q6H7J8_ORYSJ; 5;Oryza sativa subsp. japonica (Rice)
Q7XSL0_ORYSJ; 5;Oryza sativa subsp. japonica (Rice)
Q7XWM4_ORYSJ; 5;Oryza sativa subsp. japonica (Rice)
Q8W331_ORYSJ; 5;Oryza sativa subsp. japonica (Rice)
Q7XL49_ORYSJ; 5;Oryza sativa subsp. japonica (Rice)
Q7FA52_ORYSJ; 5;Oryza sativa subsp. japonica (Rice)
Q5W6N5_ORYSJ; 5;Oryza sativa subsp. japonica (Rice)
Q69Q09_ORYSJ; 5;Oryza sativa subsp. japonica (Rice)
Q7F9P9_ORYSJ; 5;Oryza sativa subsp. japonica (Rice)
Q7XRJ2_ORYSJ; 5;Oryza sativa subsp. japonica (Rice)
Q7XT04_ORYSJ; 5;Oryza sativa subsp. japonica (Rice)
Q6AUL9_ORYSJ; 5;Oryza sativa subsp. japonica (Rice)
Q7XPH3_ORYSJ; 5;Oryza sativa subsp. japonica (Rice)
Q6ZGC5_ORYSJ; 5;Oryza sativa subsp. japonica (Rice)
Q7X7Y2_ORYSJ; 5;Oryza sativa subsp. japonica (Rice)
Q7Y0G0_ORYSJ; 5;Oryza sativa subsp. japonica (Rice)
Q7XS94_ORYSJ; 5;Oryza sativa subsp. japonica (Rice)
Q5W6A4_ORYSJ; 5;Oryza sativa subsp. japonica (Rice)
Q7XS52_ORYSJ; 5;Oryza sativa subsp. japonica (Rice)
Q7XTR2_ORYSJ; 5;Oryza sativa subsp. japonica (Rice)
Q7XWB5_ORYSJ; 5;Oryza sativa subsp. japonica (Rice)
Q7XL20_ORYSJ; 5;Oryza sativa subsp. japonica (Rice)
Q94LS1_ORYSJ; 5;Oryza sativa subsp. japonica (Rice)
Q9FW81_ORYSJ; 5;Oryza sativa subsp. japonica (Rice)
Q5H9V9_ORYSJ; 5;Oryza sativa subsp. japonica (Rice)
Q8S749_ORYSJ; 5;Oryza sativa subsp. japonica (Rice)
Q8H914_ORYSJ; 5;Oryza sativa subsp. japonica (Rice)
Q7XWL7_ORYSJ; 5;Oryza sativa subsp. japonica (Rice)
Q6K9S9_ORYSJ; 5;Oryza sativa subsp. japonica (Rice)
Q9AYB5_ORYSJ; 5;Oryza sativa subsp. japonica (Rice)
Q5NAA4_ORYSJ; 5;Oryza sativa subsp. japonica (Rice)
Q6AVV2_ORYSJ; 5;Oryza sativa subsp. japonica (Rice)
Q75LG0_ORYSJ; 5;Oryza sativa subsp. japonica (Rice)
Q7XK08_ORYSJ; 5;Oryza sativa subsp. japonica (Rice)
Q851V4_ORYSJ; 5;Oryza sativa subsp. japonica (Rice)
Q7FAA8_ORYSJ; 5;Oryza sativa subsp. japonica (Rice)
Q7XJW0_ORYSJ; 5;Oryza sativa subsp. japonica (Rice)
Q5JMM8_ORYSJ; 5;Oryza sativa subsp. japonica (Rice)
Q60DZ9_ORYSJ; 5;Oryza sativa subsp. japonica (Rice)
Q5H9W5_ORYSJ; 5;Oryza sativa subsp. japonica (Rice)
Q75IR5_ORYSJ; 5;Oryza sativa subsp. japonica (Rice)
Q5KQN8_ORYSJ; 5;Oryza sativa subsp. japonica (Rice)
Q75IN8_ORYSJ; 5;Oryza sativa subsp. japonica (Rice)
Q7XWL1_ORYSJ; 5;Oryza sativa subsp. japonica (Rice)
Q65WZ3_ORYSJ; 5;Oryza sativa subsp. japonica (Rice)
Q75LU1_ORYSJ; 5;Oryza sativa subsp. japonica (Rice)
Q75I41_ORYSJ; 5;Oryza sativa subsp. japonica (Rice)
Q75KG5_ORYSJ; 5;Oryza sativa subsp. japonica (Rice)
Q948A2_ORYSJ; 5;Oryza sativa subsp. japonica (Rice)
C7J1Q0_ORYSJ; 5;Oryza sativa subsp. japonica (Rice)
C7J1K7_ORYSJ; 5;Oryza sativa subsp. japonica (Rice)
C7J4S4_ORYSJ; 5;Oryza sativa subsp. japonica (Rice)
Q6I5K6_ORYSJ; 5;Oryza sativa subsp. japonica (Rice)
Q8H873_ORYSJ; 5;Oryza sativa subsp. japonica (Rice)
Q7XU13_ORYSJ; 5;Oryza sativa subsp. japonica (Rice)
Q8LM98_ORYSJ; 5;Oryza sativa subsp. japonica (Rice)
Q7Y1D5_ORYSJ; 5;Oryza sativa subsp. japonica (Rice)
Q7Y1P7_ORYSJ; 5;Oryza sativa subsp. japonica (Rice)
Q6Z1D6_ORYSJ; 5;Oryza sativa subsp. japonica (Rice)
Q6F300_ORYSJ; 5;Oryza sativa subsp. japonica (Rice)
Q7XSY8_ORYSJ; 5;Oryza sativa subsp. japonica (Rice)
Q0D7A4_ORYSJ; 5;Oryza sativa subsp. japonica (Rice)
Q6AU96_ORYSJ; 5;Oryza sativa subsp. japonica (Rice)
Q7XMF1_ORYSJ; 5;Oryza sativa subsp. japonica (Rice)
Q8S805_ORYSJ; 5;Oryza sativa subsp. japonica (Rice)
Q6F2Q6_ORYSJ; 5;Oryza sativa subsp. japonica (Rice)
Q0E0J1_ORYSJ; 5;Oryza sativa subsp. japonica (Rice)
Q7X825_ORYSJ; 5;Oryza sativa subsp. japonica (Rice)
Q75M23_ORYSJ; 5;Oryza sativa subsp. japonica (Rice)
Q5SMM3_ORYSJ; 5;Oryza sativa subsp. japonica (Rice)
Q60DY3_ORYSJ; 5;Oryza sativa subsp. japonica (Rice)
Q0JRD6_ORYSJ; 5;Oryza sativa subsp. japonica (Rice)
Q7XSU0_ORYSJ; 5;Oryza sativa subsp. japonica (Rice)
Q5JPW9_ORYSJ; 5;Oryza sativa subsp. japonica (Rice)
Q5JPW3_ORYSJ; 5;Oryza sativa subsp. japonica (Rice)
Q8LN43_ORYSJ; 5;Oryza sativa subsp. japonica (Rice)
Q94I04_ORYSJ; 5;Oryza sativa subsp. japonica (Rice)
Q8W2U3_ORYSJ; 5;Oryza sativa subsp. japonica (Rice)
Q53LP5_ORYSJ; 5;Oryza sativa subsp. japonica (Rice)
Q84TX5_ORYSJ; 5;Oryza sativa subsp. japonica (Rice)
Q8S5S7_ORYSJ; 5;Oryza sativa subsp. japonica (Rice)
Q7XM76_ORYSJ; 5;Oryza sativa subsp. japonica (Rice)
Q7XWP7_ORYSJ; 5;Oryza sativa subsp. japonica (Rice)
Q9AUM6_ORYSJ; 5;Oryza sativa subsp. japonica (Rice)
Q7XVA5_ORYSJ; 5;Oryza sativa subsp. japonica (Rice)
Q7XI36_ORYSJ; 5;Oryza sativa subsp. japonica (Rice)
Q7XMN6_ORYSJ; 5;Oryza sativa subsp. japonica (Rice)
Q7XL83_ORYSJ; 5;Oryza sativa subsp. japonica (Rice)
C7J217_ORYSJ; 5;Oryza sativa subsp. japonica (Rice)
Q7XVP5_ORYSJ; 5;Oryza sativa subsp. japonica (Rice)
Q5KQE8_ORYSJ; 5;Oryza sativa subsp. japonica (Rice)
Q7XUI0_ORYSJ; 5;Oryza sativa subsp. japonica (Rice)
Q7XPS2_ORYSJ; 5;Oryza sativa subsp. japonica (Rice)
Q53LJ7_ORYSJ; 5;Oryza sativa subsp. japonica (Rice)
Q7XR39_ORYSJ; 5;Oryza sativa subsp. japonica (Rice)
Q8S6N1_ORYSJ; 5;Oryza sativa subsp. japonica (Rice)
Q8H046_ORYSJ; 5;Oryza sativa subsp. japonica (Rice)
Q6F330_ORYSJ; 5;Oryza sativa subsp. japonica (Rice)
Q8S6M8_ORYSJ; 5;Oryza sativa subsp. japonica (Rice)
Q0IM79_ORYSJ; 5;Oryza sativa subsp. japonica (Rice)
Q60DI2_ORYSJ; 5;Oryza sativa subsp. japonica (Rice)
Q6ATE9_ORYSJ; 5;Oryza sativa subsp. japonica (Rice)
Q7XRP7_ORYSJ; 5;Oryza sativa subsp. japonica (Rice)
Q65WY4_ORYSJ; 5;Oryza sativa subsp. japonica (Rice)
Q7XUB1_ORYSJ; 5;Oryza sativa subsp. japonica (Rice)
Q75IX6_ORYSJ; 5;Oryza sativa subsp. japonica (Rice)
Q8S7P1_ORYSJ; 5;Oryza sativa subsp. japonica (Rice)
Q7XK80_ORYSJ; 5;Oryza sativa subsp. japonica (Rice)
Q7XPA8_ORYSJ; 5;Oryza sativa subsp. japonica (Rice)
Q8S7I8_ORYSJ; 5;Oryza sativa subsp. japonica (Rice)
Q7F9Y4_ORYSJ; 5;Oryza sativa subsp. japonica (Rice)
Q7XPC9_ORYSJ; 5;Oryza sativa subsp. japonica (Rice)
Q6MWH2_ORYSJ; 5;Oryza sativa subsp. japonica (Rice)
Q8H7M0_ORYSJ; 5;Oryza sativa subsp. japonica (Rice)
Q7FAA2_ORYSJ; 5;Oryza sativa subsp. japonica (Rice)
Q7X8V8_ORYSJ; 5;Oryza sativa subsp. japonica (Rice)
Q53KC9_ORYSJ; 5;Oryza sativa subsp. japonica (Rice)
Q8LN99_ORYSJ; 5;Oryza sativa subsp. japonica (Rice)
Q7XRN3_ORYSJ; 5;Oryza sativa subsp. japonica (Rice)
Q7F9H7_ORYSJ; 5;Oryza sativa subsp. japonica (Rice)
Q7XSJ7_ORYSJ; 5;Oryza sativa subsp. japonica (Rice)
Q93Y68_ORYSJ; 5;Oryza sativa subsp. japonica (Rice)
Q7XRP6_ORYSJ; 5;Oryza sativa subsp. japonica (Rice)
Q7XW84_ORYSJ; 5;Oryza sativa subsp. japonica (Rice)
Q53NJ3_ORYSJ; 5;Oryza sativa subsp. japonica (Rice)
Q8S7Z2_ORYSJ; 5;Oryza sativa subsp. japonica (Rice)
Q6MWH3_ORYSJ; 5;Oryza sativa subsp. japonica (Rice)
Q8S6Z5_ORYSJ; 5;Oryza sativa subsp. japonica (Rice)
Q7XT93_ORYSJ; 5;Oryza sativa subsp. japonica (Rice)
Q6F2Y4_ORYSJ; 5;Oryza sativa subsp. japonica (Rice)
Q7XNK5_ORYSJ; 5;Oryza sativa subsp. japonica (Rice)
Q7XRV6_ORYSJ; 5;Oryza sativa subsp. japonica (Rice)
Q60DT4_ORYSJ; 5;Oryza sativa subsp. japonica (Rice)
Q7XR16_ORYSJ; 5;Oryza sativa subsp. japonica (Rice)
Q7XWB7_ORYSJ; 5;Oryza sativa subsp. japonica (Rice)
Q7XWF6_ORYSJ; 5;Oryza sativa subsp. japonica (Rice)
Q7XRL9_ORYSJ; 5;Oryza sativa subsp. japonica (Rice)
Q7XP07_ORYSJ; 5;Oryza sativa subsp. japonica (Rice)
Q60DH6_ORYSJ; 5;Oryza sativa subsp. japonica (Rice)
Q7XS25_ORYSJ; 5;Oryza sativa subsp. japonica (Rice)
Q5WMN7_ORYSJ; 5;Oryza sativa subsp. japonica (Rice)
Q6KAK1_ORYSJ; 5;Oryza sativa subsp. japonica (Rice)
Q6L4W2_ORYSJ; 5;Oryza sativa subsp. japonica (Rice)
Q7XX66_ORYSJ; 5;Oryza sativa subsp. japonica (Rice)
Q5W6A7_ORYSJ; 5;Oryza sativa subsp. japonica (Rice)
Q8LM60_ORYSJ; 5;Oryza sativa subsp. japonica (Rice)
Q75IG7_ORYSJ; 5;Oryza sativa subsp. japonica (Rice)
Q94I18_ORYSJ; 5;Oryza sativa subsp. japonica (Rice)
Q7XQS6_ORYSJ; 5;Oryza sativa subsp. japonica (Rice)
Q5WMQ7_ORYSJ; 5;Oryza sativa subsp. japonica (Rice)
Q6AU86_ORYSJ; 5;Oryza sativa subsp. japonica (Rice)
Q7XNY4_ORYSJ; 5;Oryza sativa subsp. japonica (Rice)
Q8W2Z7_ORYSJ; 5;Oryza sativa subsp. japonica (Rice)
Q6ZGY4_ORYSJ; 5;Oryza sativa subsp. japonica (Rice)
C7J5B4_ORYSJ; 5;Oryza sativa subsp. japonica (Rice)
Q7F9N8_ORYSJ; 5;Oryza sativa subsp. japonica (Rice)
Q53JB7_ORYSJ; 5;Oryza sativa subsp. japonica (Rice)
Q60DE6_ORYSJ; 5;Oryza sativa subsp. japonica (Rice)
Q7XPH1_ORYSJ; 5;Oryza sativa subsp. japonica (Rice)
Q6AV13_ORYSJ; 5;Oryza sativa subsp. japonica (Rice)
Q7XPE7_ORYSJ; 5;Oryza sativa subsp. japonica (Rice)
Q0JR97_ORYSJ; 5;Oryza sativa subsp. japonica (Rice)
Q5W6X8_ORYSJ; 5;Oryza sativa subsp. japonica (Rice)
Q8SB47_ORYSJ; 5;Oryza sativa subsp. japonica (Rice)
Q53MV2_ORYSJ; 5;Oryza sativa subsp. japonica (Rice)
Q9FW76_ORYSJ; 5;Oryza sativa subsp. japonica (Rice)
Q7XMR7_ORYSJ; 5;Oryza sativa subsp. japonica (Rice)
Q947Y4_ORYSJ; 5;Oryza sativa subsp. japonica (Rice)
Q5JQV1_ORYSJ; 5;Oryza sativa subsp. japonica (Rice)
Q7XU19_ORYSJ; 5;Oryza sativa subsp. japonica (Rice)
Q9AYB6_ORYSJ; 5;Oryza sativa subsp. japonica (Rice)
Q75H36_ORYSJ; 5;Oryza sativa subsp. japonica (Rice)
Q656N0_ORYSJ; 5;Oryza sativa subsp. japonica (Rice)
Q7XKU4_ORYSJ; 5;Oryza sativa subsp. japonica (Rice)
Q7XNK8_ORYSJ; 5;Oryza sativa subsp. japonica (Rice)
Q84R96_ORYSJ; 5;Oryza sativa subsp. japonica (Rice)
Q6F2Q1_ORYSJ; 5;Oryza sativa subsp. japonica (Rice)
Q7XJX3_ORYSJ; 5;Oryza sativa subsp. japonica (Rice)
Q6AU11_ORYSJ; 5;Oryza sativa subsp. japonica (Rice)
Q8S644_ORYSJ; 5;Oryza sativa subsp. japonica (Rice)
Q0D424_ORYSJ; 5;Oryza sativa subsp. japonica (Rice)
Q5WMZ9_ORYSJ; 5;Oryza sativa subsp. japonica (Rice)
Q7XNG6_ORYSJ; 5;Oryza sativa subsp. japonica (Rice)
Q7XN22_ORYSJ; 5;Oryza sativa subsp. japonica (Rice)
Q7XLL4_ORYSJ; 5;Oryza sativa subsp. japonica (Rice)
Q7XQR0_ORYSJ; 5;Oryza sativa subsp. japonica (Rice)
Q7F958_ORYSJ; 5;Oryza sativa subsp. japonica (Rice)
Q5JQX4_ORYSJ; 5;Oryza sativa subsp. japonica (Rice)
Q8W3B5_ORYSJ; 5;Oryza sativa subsp. japonica (Rice)
Q7XLT7_ORYSJ; 5;Oryza sativa subsp. japonica (Rice)
Q7XT09_ORYSJ; 5;Oryza sativa subsp. japonica (Rice)
Q6AV59_ORYSJ; 5;Oryza sativa subsp. japonica (Rice)
Q6L4V2_ORYSJ; 5;Oryza sativa subsp. japonica (Rice)
Q6H7S8_ORYSJ; 5;Oryza sativa subsp. japonica (Rice)
Q7XL33_ORYSJ; 5;Oryza sativa subsp. japonica (Rice)
Q84TT6_ORYSJ; 5;Oryza sativa subsp. japonica (Rice)
C7J7Q9_ORYSJ; 5;Oryza sativa subsp. japonica (Rice)
Q7XKL8_ORYSJ; 5;Oryza sativa subsp. japonica (Rice)
Q94HU1_ORYSJ; 5;Oryza sativa subsp. japonica (Rice)
Q7XNV9_ORYSJ; 5;Oryza sativa subsp. japonica (Rice)
Q7XP45_ORYSJ; 5;Oryza sativa subsp. japonica (Rice)
Q7XRH5_ORYSJ; 5;Oryza sativa subsp. japonica (Rice)
Q7XPN0_ORYSJ; 5;Oryza sativa subsp. japonica (Rice)
Q8W5F5_ORYSJ; 5;Oryza sativa subsp. japonica (Rice)
Q5W669_ORYSJ; 5;Oryza sativa subsp. japonica (Rice)
Q9AV68_ORYSJ; 5;Oryza sativa subsp. japonica (Rice)
Q60D74_ORYSJ; 5;Oryza sativa subsp. japonica (Rice)
Q60DR1_ORYSJ; 5;Oryza sativa subsp. japonica (Rice)
Q60DU9_ORYSJ; 5;Oryza sativa subsp. japonica (Rice)
Q65X33_ORYSJ; 5;Oryza sativa subsp. japonica (Rice)
C7J5C6_ORYSJ; 5;Oryza sativa subsp. japonica (Rice)
Q8LM74_ORYSJ; 5;Oryza sativa subsp. japonica (Rice)
Q8S600_ORYSJ; 5;Oryza sativa subsp. japonica (Rice)
Q9AUL6_ORYSJ; 5;Oryza sativa subsp. japonica (Rice)
Q0DBZ4_ORYSJ; 5;Oryza sativa subsp. japonica (Rice)
Q0DNR6_ORYSJ; 5;Oryza sativa subsp. japonica (Rice)
Q7XL18_ORYSJ; 5;Oryza sativa subsp. japonica (Rice)
Q8H7T1_ORYSJ; 5;Oryza sativa subsp. japonica (Rice)
Q8GZY7_ORYSJ; 5;Oryza sativa subsp. japonica (Rice)
Q8S5D7_ORYSJ; 5;Oryza sativa subsp. japonica (Rice)
Q8LM84_ORYSJ; 5;Oryza sativa subsp. japonica (Rice)
Q9AUP7_ORYSJ; 5;Oryza sativa subsp. japonica (Rice)
Q7XW82_ORYSJ; 5;Oryza sativa subsp. japonica (Rice)
Q5W703_ORYSJ; 5;Oryza sativa subsp. japonica (Rice)
Q7XTT6_ORYSJ; 5;Oryza sativa subsp. japonica (Rice)
Q94HQ3_ORYSJ; 5;Oryza sativa subsp. japonica (Rice)
Q8LLZ0_ORYSJ; 5;Oryza sativa subsp. japonica (Rice)
Q53PD2_ORYSJ; 5;Oryza sativa subsp. japonica (Rice)
Q8LML8_ORYSJ; 5;Oryza sativa subsp. japonica (Rice)
Q7XL81_ORYSJ; 5;Oryza sativa subsp. japonica (Rice)
Q7XPT5_ORYSJ; 5;Oryza sativa subsp. japonica (Rice)
Q947Y7_ORYSJ; 5;Oryza sativa subsp. japonica (Rice)
Q7XP71_ORYSJ; 5;Oryza sativa subsp. japonica (Rice)
Q65WT8_ORYSJ; 5;Oryza sativa subsp. japonica (Rice)
Q7XR55_ORYSJ; 5;Oryza sativa subsp. japonica (Rice)
Q8S7A3_ORYSJ; 5;Oryza sativa subsp. japonica (Rice)
Q7XS76_ORYSJ; 5;Oryza sativa subsp. japonica (Rice)
Q7F9N9_ORYSJ; 5;Oryza sativa subsp. japonica (Rice)
Q8LSS8_ORYSJ; 5;Oryza sativa subsp. japonica (Rice)
Q8H870_ORYSJ; 5;Oryza sativa subsp. japonica (Rice)
Q8LM71_ORYSJ; 5;Oryza sativa subsp. japonica (Rice)
Q0IYM1_ORYSJ; 5;Oryza sativa subsp. japonica (Rice)
Q6ATQ5_ORYSJ; 5;Oryza sativa subsp. japonica (Rice)
Q94I69_ORYSJ; 5;Oryza sativa subsp. japonica (Rice)
Q7XUZ2_ORYSJ; 5;Oryza sativa subsp. japonica (Rice)
Q6I5H5_ORYSJ; 5;Oryza sativa subsp. japonica (Rice)
Q7XL06_ORYSJ; 5;Oryza sativa subsp. japonica (Rice)
Q0JG27_ORYSJ; 5;Oryza sativa subsp. japonica (Rice)
C7J5N0_ORYSJ; 5;Oryza sativa subsp. japonica (Rice)
Q8S669_ORYSJ; 5;Oryza sativa subsp. japonica (Rice)
Q8LN70_ORYSJ; 5;Oryza sativa subsp. japonica (Rice)
Q688S2_ORYSJ; 5;Oryza sativa subsp. japonica (Rice)
Q5H9Y7_ORYSJ; 5;Oryza sativa subsp. japonica (Rice)
Q8LMY8_ORYSJ; 5;Oryza sativa subsp. japonica (Rice)
Q6L5D6_ORYSJ; 5;Oryza sativa subsp. japonica (Rice)
Q8RYN2_ORYSJ; 5;Oryza sativa subsp. japonica (Rice)
Q7XQM2_ORYSJ; 5;Oryza sativa subsp. japonica (Rice)
Q7XWU1_ORYSJ; 5;Oryza sativa subsp. japonica (Rice)
Q6MWA6_ORYSJ; 5;Oryza sativa subsp. japonica (Rice)
Q7XQG8_ORYSJ; 5;Oryza sativa subsp. japonica (Rice)
Q5WAB4_ORYSJ; 5;Oryza sativa subsp. japonica (Rice)
Q8W3E3_ORYSJ; 5;Oryza sativa subsp. japonica (Rice)
Q688L3_ORYSJ; 5;Oryza sativa subsp. japonica (Rice)
Q7XXI4_ORYSJ; 5;Oryza sativa subsp. japonica (Rice)
Q75L09_ORYSJ; 5;Oryza sativa subsp. japonica (Rice)
Q7F9P3_ORYSJ; 5;Oryza sativa subsp. japonica (Rice)
Q94H26_ORYSJ; 5;Oryza sativa subsp. japonica (Rice)
Q94GR9_ORYSJ; 5;Oryza sativa subsp. japonica (Rice)
Q7XLC0_ORYSJ; 5;Oryza sativa subsp. japonica (Rice)
Q8H801_ORYSJ; 5;Oryza sativa subsp. japonica (Rice)
Q7XXC3_ORYSJ; 5;Oryza sativa subsp. japonica (Rice)
Q75IL3_ORYSJ; 5;Oryza sativa subsp. japonica (Rice)
Q8GTN3_ORYSJ; 5;Oryza sativa subsp. japonica (Rice)
Q8LN97_ORYSJ; 5;Oryza sativa subsp. japonica (Rice)
Q6AVZ6_ORYSJ; 5;Oryza sativa subsp. japonica (Rice)
Q5W6T2_ORYSJ; 5;Oryza sativa subsp. japonica (Rice)
Q7XPW2_ORYSJ; 5;Oryza sativa subsp. japonica (Rice)
Q7X6L5_ORYSJ; 5;Oryza sativa subsp. japonica (Rice)
Q0JGL7_ORYSJ; 5;Oryza sativa subsp. japonica (Rice)
Q94LF4_ORYSJ; 5;Oryza sativa subsp. japonica (Rice)
Q5VR06_ORYSJ; 5;Oryza sativa subsp. japonica (Rice)
Q6AUM1_ORYSJ; 5;Oryza sativa subsp. japonica (Rice)
Q7XM87_ORYSJ; 5;Oryza sativa subsp. japonica (Rice)
Q8S760_ORYSJ; 5;Oryza sativa subsp. japonica (Rice)
Q5JLC8_ORYSJ; 5;Oryza sativa subsp. japonica (Rice)
Q65WT1_ORYSJ; 5;Oryza sativa subsp. japonica (Rice)
Q8S636_ORYSJ; 5;Oryza sativa subsp. japonica (Rice)
Q7XLM0_ORYSJ; 5;Oryza sativa subsp. japonica (Rice)
Q65WS7_ORYSJ; 5;Oryza sativa subsp. japonica (Rice)
Q7XWS2_ORYSJ; 5;Oryza sativa subsp. japonica (Rice)
Q8H7V5_ORYSJ; 5;Oryza sativa subsp. japonica (Rice)
Q8H8D2_ORYSJ; 5;Oryza sativa subsp. japonica (Rice)
Q7XL85_ORYSJ; 5;Oryza sativa subsp. japonica (Rice)
Q8S6Z2_ORYSJ; 5;Oryza sativa subsp. japonica (Rice)
Q7XMH2_ORYSJ; 5;Oryza sativa subsp. japonica (Rice)
Q60EM9_ORYSJ; 5;Oryza sativa subsp. japonica (Rice)
Q6AT77_ORYSJ; 5;Oryza sativa subsp. japonica (Rice)
Q7XR40_ORYSJ; 5;Oryza sativa subsp. japonica (Rice)
Q60DB1_ORYSJ; 5;Oryza sativa subsp. japonica (Rice)
Q94GP2_ORYSJ; 5;Oryza sativa subsp. japonica (Rice)
Q6AVU8_ORYSJ; 5;Oryza sativa subsp. japonica (Rice)
Q60DR2_ORYSJ; 5;Oryza sativa subsp. japonica (Rice)
Q6F2N9_ORYSJ; 5;Oryza sativa subsp. japonica (Rice)
Q8H871_ORYSJ; 5;Oryza sativa subsp. japonica (Rice)
Q7XQL8_ORYSJ; 5;Oryza sativa subsp. japonica (Rice)
Q7XLL0_ORYSJ; 5;Oryza sativa subsp. japonica (Rice)
C7IWU0_ORYSJ; 5;Oryza sativa subsp. japonica (Rice)
Q7XPQ7_ORYSJ; 5;Oryza sativa subsp. japonica (Rice)
Q9AY40_ORYSJ; 5;Oryza sativa subsp. japonica (Rice)
Q69X40_ORYSJ; 5;Oryza sativa subsp. japonica (Rice)
Q9FRN9_ORYSJ; 5;Oryza sativa subsp. japonica (Rice)
C7J613_ORYSJ; 5;Oryza sativa subsp. japonica (Rice)
Q688I6_ORYSJ; 5;Oryza sativa subsp. japonica (Rice)
Q0IM69_ORYSJ; 5;Oryza sativa subsp. japonica (Rice)
Q75G96_ORYSJ; 5;Oryza sativa subsp. japonica (Rice)
Q94HB8_ORYSJ; 5;Oryza sativa subsp. japonica (Rice)
Q65WW8_ORYSJ; 5;Oryza sativa subsp. japonica (Rice)
Q5JQW1_ORYSJ; 5;Oryza sativa subsp. japonica (Rice)
Q7XSU9_ORYSJ; 5;Oryza sativa subsp. japonica (Rice)
Q8S5K1_ORYSJ; 5;Oryza sativa subsp. japonica (Rice)
Q6L5H7_ORYSJ; 5;Oryza sativa subsp. japonica (Rice)
Q8S5Y6_ORYSJ; 5;Oryza sativa subsp. japonica (Rice)
Q7XME9_ORYSJ; 5;Oryza sativa subsp. japonica (Rice)
Q7XU14_ORYSJ; 5;Oryza sativa subsp. japonica (Rice)
Q7XQE2_ORYSJ; 5;Oryza sativa subsp. japonica (Rice)
Q7XPE4_ORYSJ; 5;Oryza sativa subsp. japonica (Rice)
Q688P9_ORYSJ; 5;Oryza sativa subsp. japonica (Rice)
Q94HN3_ORYSJ; 5;Oryza sativa subsp. japonica (Rice)
Q67WF0_ORYSJ; 5;Oryza sativa subsp. japonica (Rice)
Q94HN8_ORYSJ; 5;Oryza sativa subsp. japonica (Rice)
Q5WML8_ORYSJ; 5;Oryza sativa subsp. japonica (Rice)
Q7XP97_ORYSJ; 5;Oryza sativa subsp. japonica (Rice)
Q75LQ3_ORYSJ; 5;Oryza sativa subsp. japonica (Rice)
Q60EI3_ORYSJ; 5;Oryza sativa subsp. japonica (Rice)
Q6F2X5_ORYSJ; 5;Oryza sativa subsp. japonica (Rice)
Q7XNC3_ORYSJ; 5;Oryza sativa subsp. japonica (Rice)
Q6ATH7_ORYSJ; 5;Oryza sativa subsp. japonica (Rice)
Q0DLJ9_ORYSJ; 5;Oryza sativa subsp. japonica (Rice)
Q5W763_ORYSJ; 5;Oryza sativa subsp. japonica (Rice)
C7J8A3_ORYSJ; 5;Oryza sativa subsp. japonica (Rice)
Q7XNX0_ORYSJ; 5;Oryza sativa subsp. japonica (Rice)
Q84T10_ORYSJ; 5;Oryza sativa subsp. japonica (Rice)
Q8LMM4_ORYSJ; 5;Oryza sativa subsp. japonica (Rice)
Q60EF9_ORYSJ; 5;Oryza sativa subsp. japonica (Rice)
Q0DUY3_ORYSJ; 5;Oryza sativa subsp. japonica (Rice)
Q7XL53_ORYSJ; 5;Oryza sativa subsp. japonica (Rice)
Q0E193_ORYSJ; 5;Oryza sativa subsp. japonica (Rice)
Q6ASU8_ORYSJ; 5;Oryza sativa subsp. japonica (Rice)
Q7XMR4_ORYSJ; 5;Oryza sativa subsp. japonica (Rice)
Q60DH8_ORYSJ; 5;Oryza sativa subsp. japonica (Rice)
Q8S5F3_ORYSJ; 5;Oryza sativa subsp. japonica (Rice)
Q60D73_ORYSJ; 5;Oryza sativa subsp. japonica (Rice)
Q5Z9J6_ORYSJ; 5;Oryza sativa subsp. japonica (Rice)
Q8H7V4_ORYSJ; 5;Oryza sativa subsp. japonica (Rice)
Q7XTL3_ORYSJ; 5;Oryza sativa subsp. japonica (Rice)
Q53PT2_ORYSJ; 5;Oryza sativa subsp. japonica (Rice)
Q93Y89_ORYSJ; 5;Oryza sativa subsp. japonica (Rice)
Q6I552_ORYSJ; 5;Oryza sativa subsp. japonica (Rice)
C7J4H9_ORYSJ; 5;Oryza sativa subsp. japonica (Rice)
Q8LM00_ORYSJ; 5;Oryza sativa subsp. japonica (Rice)
Q60E00_ORYSJ; 5;Oryza sativa subsp. japonica (Rice)
Q652R9_ORYSJ; 5;Oryza sativa subsp. japonica (Rice)
Q7XXJ0_ORYSJ; 5;Oryza sativa subsp. japonica (Rice)
Q8LMM6_ORYSJ; 5;Oryza sativa subsp. japonica (Rice)
Q0JA05_ORYSJ; 5;Oryza sativa subsp. japonica (Rice)
Q8S5K3_ORYSJ; 5;Oryza sativa subsp. japonica (Rice)
Q75IL2_ORYSJ; 5;Oryza sativa subsp. japonica (Rice)
Q7X749_ORYSJ; 5;Oryza sativa subsp. japonica (Rice)
Q60EN4_ORYSJ; 5;Oryza sativa subsp. japonica (Rice)
Q0DNL1_ORYSJ; 5;Oryza sativa subsp. japonica (Rice)
Q0JL05_ORYSJ; 5;Oryza sativa subsp. japonica (Rice)
Q75HE8_ORYSJ; 5;Oryza sativa subsp. japonica (Rice)
Q7XLR3_ORYSJ; 5;Oryza sativa subsp. japonica (Rice)
Q7XPJ2_ORYSJ; 5;Oryza sativa subsp. japonica (Rice)
Q7FA96_ORYSJ; 5;Oryza sativa subsp. japonica (Rice)
Q7XXB9_ORYSJ; 5;Oryza sativa subsp. japonica (Rice)
Q53NA5_ORYSJ; 5;Oryza sativa subsp. japonica (Rice)
Q850X9_ORYSJ; 5;Oryza sativa subsp. japonica (Rice)
Q60EK1_ORYSJ; 5;Oryza sativa subsp. japonica (Rice)
Q6F2P7_ORYSJ; 5;Oryza sativa subsp. japonica (Rice)
Q7XS38_ORYSJ; 5;Oryza sativa subsp. japonica (Rice)
Q6Z8D9_ORYSJ; 5;Oryza sativa subsp. japonica (Rice)
Q7XX57_ORYSJ; 5;Oryza sativa subsp. japonica (Rice)
Q65XT9_ORYSJ; 5;Oryza sativa subsp. japonica (Rice)
Q8H0A5_ORYSJ; 5;Oryza sativa subsp. japonica (Rice)
Q67WN2_ORYSJ; 5;Oryza sativa subsp. japonica (Rice)
Q6MW89_ORYSJ; 5;Oryza sativa subsp. japonica (Rice)
Q7XQG0_ORYSJ; 5;Oryza sativa subsp. japonica (Rice)
Q8H872_ORYSJ; 5;Oryza sativa subsp. japonica (Rice)
Q7XN91_ORYSJ; 5;Oryza sativa subsp. japonica (Rice)
Q0DAM4_ORYSJ; 5;Oryza sativa subsp. japonica (Rice)
Q6H7U1_ORYSJ; 5;Oryza sativa subsp. japonica (Rice)
Q0JQA5_ORYSJ; 5;Oryza sativa subsp. japonica (Rice)
Q7XS55_ORYSJ; 5;Oryza sativa subsp. japonica (Rice)
Q53MN4_ORYSJ; 5;Oryza sativa subsp. japonica (Rice)
Q7XWZ2_ORYSJ; 5;Oryza sativa subsp. japonica (Rice)
Q8S6H9_ORYSJ; 5;Oryza sativa subsp. japonica (Rice)
Q7XS91_ORYSJ; 5;Oryza sativa subsp. japonica (Rice)
Q5KQK8_ORYSJ; 5;Oryza sativa subsp. japonica (Rice)
Q9AYC0_ORYSJ; 5;Oryza sativa subsp. japonica (Rice)
Q0DU61_ORYSJ; 5;Oryza sativa subsp. japonica (Rice)
Q60D70_ORYSJ; 5;Oryza sativa subsp. japonica (Rice)
Q0DWF7_ORYSJ; 5;Oryza sativa subsp. japonica (Rice)
Q7XRV8_ORYSJ; 5;Oryza sativa subsp. japonica (Rice)
Q53M21_ORYSJ; 5;Oryza sativa subsp. japonica (Rice)
Q6F2P5_ORYSJ; 5;Oryza sativa subsp. japonica (Rice)
Q7X7N4_ORYSJ; 5;Oryza sativa subsp. japonica (Rice)
Q5WMP5_ORYSJ; 5;Oryza sativa subsp. japonica (Rice)
Q84MP8_ORYSJ; 5;Oryza sativa subsp. japonica (Rice)
Q94LG9_ORYSJ; 5;Oryza sativa subsp. japonica (Rice)
Q8H8B9_ORYSJ; 5;Oryza sativa subsp. japonica (Rice)
Q5VSX0_ORYSJ; 5;Oryza sativa subsp. japonica (Rice)
Q8H878_ORYSJ; 5;Oryza sativa subsp. japonica (Rice)
Q75K86_ORYSJ; 5;Oryza sativa subsp. japonica (Rice)
Q75GC0_ORYSJ; 5;Oryza sativa subsp. japonica (Rice)
Q5TKD9_ORYSJ; 5;Oryza sativa subsp. japonica (Rice)
Q7XJU8_ORYSJ; 5;Oryza sativa subsp. japonica (Rice)
Q60E46_ORYSJ; 5;Oryza sativa subsp. japonica (Rice)
C7IZC8_ORYSJ; 5;Oryza sativa subsp. japonica (Rice)
Q7XI95_ORYSJ; 5;Oryza sativa subsp. japonica (Rice)
Q7XL69_ORYSJ; 5;Oryza sativa subsp. japonica (Rice)
Q65X63_ORYSJ; 5;Oryza sativa subsp. japonica (Rice)
Q7XS24_ORYSJ; 5;Oryza sativa subsp. japonica (Rice)
Q60E08_ORYSJ; 5;Oryza sativa subsp. japonica (Rice)
Q5Z5B8_ORYSJ; 5;Oryza sativa subsp. japonica (Rice)
Q7XKY1_ORYSJ; 5;Oryza sativa subsp. japonica (Rice)
Q7XWU5_ORYSJ; 5;Oryza sativa subsp. japonica (Rice)
Q7XM70_ORYSJ; 5;Oryza sativa subsp. japonica (Rice)
Q75LZ2_ORYSJ; 5;Oryza sativa subsp. japonica (Rice)
Q7XUA3_ORYSJ; 5;Oryza sativa subsp. japonica (Rice)
Q5JPZ2_ORYSJ; 5;Oryza sativa subsp. japonica (Rice)
Q8LLY4_ORYSJ; 5;Oryza sativa subsp. japonica (Rice)
Q7XRT3_ORYSJ; 5;Oryza sativa subsp. japonica (Rice)
Q7XWS1_ORYSJ; 5;Oryza sativa subsp. japonica (Rice)
Q7XX43_ORYSJ; 5;Oryza sativa subsp. japonica (Rice)
Q53P23_ORYSJ; 5;Oryza sativa subsp. japonica (Rice)
Q9AYG9_ORYSJ; 5;Oryza sativa subsp. japonica (Rice)
Q53J71_ORYSJ; 5;Oryza sativa subsp. japonica (Rice)
Q5VS25_ORYSJ; 5;Oryza sativa subsp. japonica (Rice)
Q5TKH3_ORYSJ; 5;Oryza sativa subsp. japonica (Rice)
Q53NB5_ORYSJ; 5;Oryza sativa subsp. japonica (Rice)
Q6F3C3_ORYSJ; 5;Oryza sativa subsp. japonica (Rice)
Q7FA20_ORYSJ; 5;Oryza sativa subsp. japonica (Rice)
Q6ATE0_ORYSJ; 5;Oryza sativa subsp. japonica (Rice)
Q7FAA9_ORYSJ; 5;Oryza sativa subsp. japonica (Rice)
Q5JPX0_ORYSJ; 5;Oryza sativa subsp. japonica (Rice)
C7J2C1_ORYSJ; 5;Oryza sativa subsp. japonica (Rice)
Q0D901_ORYSJ; 5;Oryza sativa subsp. japonica (Rice)
Q0JMV9_ORYSJ; 5;Oryza sativa subsp. japonica (Rice)
Q65WY1_ORYSJ; 5;Oryza sativa subsp. japonica (Rice)
Q7XSU3_ORYSJ; 5;Oryza sativa subsp. japonica (Rice)
Q7XS00_ORYSJ; 5;Oryza sativa subsp. japonica (Rice)
Q655H8_ORYSJ; 5;Oryza sativa subsp. japonica (Rice)
Q0DX33_ORYSJ; 5;Oryza sativa subsp. japonica (Rice)
Q6ATP4_ORYSJ; 5;Oryza sativa subsp. japonica (Rice)
Q7Y1N5_ORYSJ; 5;Oryza sativa subsp. japonica (Rice)
Q5JQX2_ORYSJ; 5;Oryza sativa subsp. japonica (Rice)
Q7XWI4_ORYSJ; 5;Oryza sativa subsp. japonica (Rice)
Q69MZ1_ORYSJ; 5;Oryza sativa subsp. japonica (Rice)
Q7XQ90_ORYSJ; 5;Oryza sativa subsp. japonica (Rice)
Q8LSR0_ORYSJ; 5;Oryza sativa subsp. japonica (Rice)
Q5W7A5_ORYSJ; 5;Oryza sativa subsp. japonica (Rice)
Q60DI3_ORYSJ; 5;Oryza sativa subsp. japonica (Rice)
Q9AYG3_ORYSJ; 5;Oryza sativa subsp. japonica (Rice)
Q75GM6_ORYSJ; 5;Oryza sativa subsp. japonica (Rice)
Q8S6P1_ORYSJ; 5;Oryza sativa subsp. japonica (Rice)
Q60D71_ORYSJ; 5;Oryza sativa subsp. japonica (Rice)
Q9AY98_ORYSJ; 5;Oryza sativa subsp. japonica (Rice)
Q6ASZ9_ORYSJ; 5;Oryza sativa subsp. japonica (Rice)
Q0JP44_ORYSJ; 5;Oryza sativa subsp. japonica (Rice)
Q0D3X1_ORYSJ; 5;Oryza sativa subsp. japonica (Rice)
Q7XWL9_ORYSJ; 5;Oryza sativa subsp. japonica (Rice)
Q7Y1L4_ORYSJ; 5;Oryza sativa subsp. japonica (Rice)
Q65XK8_ORYSJ; 5;Oryza sativa subsp. japonica (Rice)
Q8S6W4_ORYSJ; 5;Oryza sativa subsp. japonica (Rice)
Q7XR15_ORYSJ; 5;Oryza sativa subsp. japonica (Rice)
Q8S5R3_ORYSJ; 5;Oryza sativa subsp. japonica (Rice)
Q75K41_ORYSJ; 5;Oryza sativa subsp. japonica (Rice)
Q5W697_ORYSJ; 5;Oryza sativa subsp. japonica (Rice)
Q7XPS4_ORYSJ; 5;Oryza sativa subsp. japonica (Rice)
Q6F2F8_ORYSJ; 5;Oryza sativa subsp. japonica (Rice)
Q8W3I7_ORYSJ; 5;Oryza sativa subsp. japonica (Rice)
Q53MM3_ORYSJ; 5;Oryza sativa subsp. japonica (Rice)
Q75H30_ORYSJ; 5;Oryza sativa subsp. japonica (Rice)
Q7XU11_ORYSJ; 5;Oryza sativa subsp. japonica (Rice)
Q84MR5_ORYSJ; 5;Oryza sativa subsp. japonica (Rice)
Q8S5I0_ORYSJ; 5;Oryza sativa subsp. japonica (Rice)
Q8LM89_ORYSJ; 5;Oryza sativa subsp. japonica (Rice)
Q7XW28_ORYSJ; 5;Oryza sativa subsp. japonica (Rice)
Q6ATD6_ORYSJ; 5;Oryza sativa subsp. japonica (Rice)
Q7XVX0_ORYSJ; 5;Oryza sativa subsp. japonica (Rice)
Q6ZLF2_ORYSJ; 5;Oryza sativa subsp. japonica (Rice)
Q5W6B6_ORYSJ; 5;Oryza sativa subsp. japonica (Rice)
Q7XW75_ORYSJ; 5;Oryza sativa subsp. japonica (Rice)
Q7X8E7_ORYSJ; 5;Oryza sativa subsp. japonica (Rice)
C7J312_ORYSJ; 5;Oryza sativa subsp. japonica (Rice)
Q7F9M6_ORYSJ; 5;Oryza sativa subsp. japonica (Rice)
Q53MW7_ORYSJ; 5;Oryza sativa subsp. japonica (Rice)
Q7XTV5_ORYSJ; 5;Oryza sativa subsp. japonica (Rice)
Q75KM4_ORYSJ; 5;Oryza sativa subsp. japonica (Rice)
Q7XRI2_ORYSJ; 5;Oryza sativa subsp. japonica (Rice)
Q60E20_ORYSJ; 5;Oryza sativa subsp. japonica (Rice)
Q8W312_ORYSJ; 5;Oryza sativa subsp. japonica (Rice)
Q7XPG9_ORYSJ; 5;Oryza sativa subsp. japonica (Rice)
Q8LM42_ORYSJ; 5;Oryza sativa subsp. japonica (Rice)
Q6K963_ORYSJ; 5;Oryza sativa subsp. japonica (Rice)
Q5JQU7_ORYSJ; 5;Oryza sativa subsp. japonica (Rice)
Q7XN10_ORYSJ; 5;Oryza sativa subsp. japonica (Rice)
Q947Y5_ORYSJ; 5;Oryza sativa subsp. japonica (Rice)
Q9AYC2_ORYSJ; 5;Oryza sativa subsp. japonica (Rice)
Q688H9_ORYSJ; 5;Oryza sativa subsp. japonica (Rice)
Q94LS3_ORYSJ; 5;Oryza sativa subsp. japonica (Rice)
Q94LW0_ORYSJ; 5;Oryza sativa subsp. japonica (Rice)
Q5WML7_ORYSJ; 5;Oryza sativa subsp. japonica (Rice)
Q7F9R8_ORYSJ; 5;Oryza sativa subsp. japonica (Rice)
Q5VMX7_ORYSJ; 5;Oryza sativa subsp. japonica (Rice)
Q947Z9_ORYSJ; 5;Oryza sativa subsp. japonica (Rice)
Q7XWE4_ORYSJ; 5;Oryza sativa subsp. japonica (Rice)
Q7XQU9_ORYSJ; 5;Oryza sativa subsp. japonica (Rice)
Q0E175_ORYSJ; 5;Oryza sativa subsp. japonica (Rice)
Q53JJ8_ORYSJ; 5;Oryza sativa subsp. japonica (Rice)
C7J952_ORYSJ; 5;Oryza sativa subsp. japonica (Rice)
Q7XPN1_ORYSJ; 5;Oryza sativa subsp. japonica (Rice)
Q6AUM4_ORYSJ; 5;Oryza sativa subsp. japonica (Rice)
Q7XRX6_ORYSJ; 5;Oryza sativa subsp. japonica (Rice)
Q6AT01_ORYSJ; 5;Oryza sativa subsp. japonica (Rice)
Q69U98_ORYSJ; 5;Oryza sativa subsp. japonica (Rice)
Q7F971_ORYSJ; 5;Oryza sativa subsp. japonica (Rice)
Q5Z7K3_ORYSJ; 5;Oryza sativa subsp. japonica (Rice)
Q7XRT6_ORYSJ; 5;Oryza sativa subsp. japonica (Rice)
Q0DW13_ORYSJ; 5;Oryza sativa subsp. japonica (Rice)
Q0IUH3_ORYSJ; 5;Oryza sativa subsp. japonica (Rice)
Q0J7R3_ORYSJ; 5;Oryza sativa subsp. japonica (Rice)
C7J6T6_ORYSJ; 5;Oryza sativa subsp. japonica (Rice)
C7J4V8_ORYSJ; 5;Oryza sativa subsp. japonica (Rice)
Q0DIQ5_ORYSJ; 5;Oryza sativa subsp. japonica (Rice)
Q7XLW5_ORYSJ; 5;Oryza sativa subsp. japonica (Rice)
Q7XW14_ORYSJ; 5;Oryza sativa subsp. japonica (Rice)
Q6K3Y7_ORYSJ; 5;Oryza sativa subsp. japonica (Rice)
C7J181_ORYSJ; 5;Oryza sativa subsp. japonica (Rice)
Q7XSP1_ORYSJ; 5;Oryza sativa subsp. japonica (Rice)
Q65WZ2_ORYSJ; 5;Oryza sativa subsp. japonica (Rice)
Q6AT15_ORYSJ; 5;Oryza sativa subsp. japonica (Rice)
Q7X7B4_ORYSJ; 5;Oryza sativa subsp. japonica (Rice)
C7IZ12_ORYSJ; 5;Oryza sativa subsp. japonica (Rice)
Q5W673_ORYSJ; 5;Oryza sativa subsp. japonica (Rice)
Q0JAD5_ORYSJ; 5;Oryza sativa subsp. japonica (Rice)
C7J4Y0_ORYSJ; 5;Oryza sativa subsp. japonica (Rice)
Q5JJW0_ORYSJ; 5;Oryza sativa subsp. japonica (Rice)
Q65XV4_ORYSJ; 5;Oryza sativa subsp. japonica (Rice)
Q6H5I5_ORYSJ; 5;Oryza sativa subsp. japonica (Rice)
Q7XQB4_ORYSJ; 5;Oryza sativa subsp. japonica (Rice)
Q60EG9_ORYSJ; 5;Oryza sativa subsp. japonica (Rice)
C7IXG0_ORYSJ; 5;Oryza sativa subsp. japonica (Rice)
Q7XLB6_ORYSJ; 5;Oryza sativa subsp. japonica (Rice)
Q5W6N9_ORYSJ; 5;Oryza sativa subsp. japonica (Rice)
Q7XVE2_ORYSJ; 5;Oryza sativa subsp. japonica (Rice)
Q6MWH0_ORYSJ; 5;Oryza sativa subsp. japonica (Rice)
Q7XTW1_ORYSJ; 5;Oryza sativa subsp. japonica (Rice)
Q0IVE9_ORYSJ; 5;Oryza sativa subsp. japonica (Rice)
Q5W6G1_ORYSJ; 5;Oryza sativa subsp. japonica (Rice)
Q7XKB1_ORYSJ; 5;Oryza sativa subsp. japonica (Rice)
Q688R5_ORYSJ; 5;Oryza sativa subsp. japonica (Rice)
Q5JQE6_ORYSJ; 5;Oryza sativa subsp. japonica (Rice)
C7J029_ORYSJ; 5;Oryza sativa subsp. japonica (Rice)
Q7XTZ3_ORYSJ; 5;Oryza sativa subsp. japonica (Rice)
Q5ZD36_ORYSJ; 5;Oryza sativa subsp. japonica (Rice)
Q7XS07_ORYSJ; 5;Oryza sativa subsp. japonica (Rice)
Q0D4Q0_ORYSJ; 5;Oryza sativa subsp. japonica (Rice)
C7J699_ORYSJ; 5;Oryza sativa subsp. japonica (Rice)
Q6ESI8_ORYSJ; 5;Oryza sativa subsp. japonica (Rice)
Q5W6V5_ORYSJ; 5;Oryza sativa subsp. japonica (Rice)
Q65X31_ORYSJ; 5;Oryza sativa subsp. japonica (Rice)
Q7XRX8_ORYSJ; 5;Oryza sativa subsp. japonica (Rice)
C7J5V5_ORYSJ; 5;Oryza sativa subsp. japonica (Rice)
Q7XK93_ORYSJ; 5;Oryza sativa subsp. japonica (Rice)
Q7XSE2_ORYSJ; 5;Oryza sativa subsp. japonica (Rice)
Q6H7R5_ORYSJ; 5;Oryza sativa subsp. japonica (Rice)
Q6MWC6_ORYSJ; 5;Oryza sativa subsp. japonica (Rice)
Q0DVW1_ORYSJ; 5;Oryza sativa subsp. japonica (Rice)
Q5Z876_ORYSJ; 5;Oryza sativa subsp. japonica (Rice)
Q69VA2_ORYSJ; 5;Oryza sativa subsp. japonica (Rice)
Q7XUJ8_ORYSJ; 5;Oryza sativa subsp. japonica (Rice)
Q7XQU4_ORYSJ; 5;Oryza sativa subsp. japonica (Rice)
Q0J4B7_ORYSJ; 5;Oryza sativa subsp. japonica (Rice)
Q7XRE1_ORYSJ; 5;Oryza sativa subsp. japonica (Rice)
Q0ISI9_ORYSJ; 5;Oryza sativa subsp. japonica (Rice)
Q7FAB9_ORYSJ; 5;Oryza sativa subsp. japonica (Rice)
Q7XNT6_ORYSJ; 5;Oryza sativa subsp. japonica (Rice)
Q0JLY9_ORYSJ; 5;Oryza sativa subsp. japonica (Rice)
C7J1W5_ORYSJ; 5;Oryza sativa subsp. japonica (Rice)
Q0DZ68_ORYSJ; 5;Oryza sativa subsp. japonica (Rice)
Q7XWZ9_ORYSJ; 5;Oryza sativa subsp. japonica (Rice)
Q0DCQ3_ORYSJ; 5;Oryza sativa subsp. japonica (Rice)
Q7XQZ4_ORYSJ; 5;Oryza sativa subsp. japonica (Rice)
Q6K6R4_ORYSJ; 5;Oryza sativa subsp. japonica (Rice)
Q7XKA7_ORYSJ; 5;Oryza sativa subsp. japonica (Rice)
Q6EUI5_ORYSJ; 5;Oryza sativa subsp. japonica (Rice)
Q0IZL7_ORYSJ; 5;Oryza sativa subsp. japonica (Rice)
C7IX93_ORYSJ; 5;Oryza sativa subsp. japonica (Rice)
Q6K777_ORYSJ; 5;Oryza sativa subsp. japonica (Rice)
Q60EL6_ORYSJ; 5;Oryza sativa subsp. japonica (Rice)
C7J0L4_ORYSJ; 5;Oryza sativa subsp. japonica (Rice)
Q60D76_ORYSJ; 5;Oryza sativa subsp. japonica (Rice)
Q7FAE4_ORYSJ; 5;Oryza sativa subsp. japonica (Rice)
Q0E138_ORYSJ; 5;Oryza sativa subsp. japonica (Rice)
Q6F2Q5_ORYSJ; 5;Oryza sativa subsp. japonica (Rice)
Q7F8R6_ORYSJ; 5;Oryza sativa subsp. japonica (Rice)
Q5W6N2_ORYSJ; 5;Oryza sativa subsp. japonica (Rice)
Q7FAP7_ORYSJ; 5;Oryza sativa subsp. japonica (Rice)
Q6L5I3_ORYSJ; 5;Oryza sativa subsp. japonica (Rice)
Q0JLK7_ORYSJ; 5;Oryza sativa subsp. japonica (Rice)
Q0DRB6_ORYSJ; 5;Oryza sativa subsp. japonica (Rice)
Q7XTA1_ORYSJ; 5;Oryza sativa subsp. japonica (Rice)
Q75HZ5_ORYSJ; 5;Oryza sativa subsp. japonica (Rice)
Q0E0Y5_ORYSJ; 5;Oryza sativa subsp. japonica (Rice)
Q7XSP0_ORYSJ; 5;Oryza sativa subsp. japonica (Rice)
Q7XQJ7_ORYSJ; 5;Oryza sativa subsp. japonica (Rice)
Q7XN59_ORYSJ; 5;Oryza sativa subsp. japonica (Rice)
Q7XVD8_ORYSJ; 5;Oryza sativa subsp. japonica (Rice)
C7J7B5_ORYSJ; 5;Oryza sativa subsp. japonica (Rice)
Q7XMF6_ORYSJ; 5;Oryza sativa subsp. japonica (Rice)
Q7XTP7_ORYSJ; 5;Oryza sativa subsp. japonica (Rice)
TI214_SOLLC; 5;Solanum lycopersicum (Tomato)
YCF2_SOLLC; 5;Solanum lycopersicum (Tomato)
Q56R07_SOLLC; 5;Solanum lycopersicum (Tomato)
H9E8V2_SOLLC; 5;Solanum lycopersicum (Tomato)
K4BW33_SOLLC; 5;Solanum lycopersicum (Tomato)
K4CA69_SOLLC; 5;Solanum lycopersicum (Tomato)
K4CVM8_SOLLC; 5;Solanum lycopersicum (Tomato)
K4D681_SOLLC; 5;Solanum lycopersicum (Tomato)
K4AVU2_SOLLC; 5;Solanum lycopersicum (Tomato)
K4BJA1_SOLLC; 5;Solanum lycopersicum (Tomato)
K4C195_SOLLC; 5;Solanum lycopersicum (Tomato)
K4CFJ2_SOLLC; 5;Solanum lycopersicum (Tomato)
K4BKE8_SOLLC; 5;Solanum lycopersicum (Tomato)
K4AZ19_SOLLC; 5;Solanum lycopersicum (Tomato)
K4ASN0_SOLLC; 5;Solanum lycopersicum (Tomato)
K4D9V7_SOLLC; 5;Solanum lycopersicum (Tomato)
K4BKB9_SOLLC; 5;Solanum lycopersicum (Tomato)
K4BW92_SOLLC; 5;Solanum lycopersicum (Tomato)
K4DFN9_SOLLC; 5;Solanum lycopersicum (Tomato)
K4C5S4_SOLLC; 5;Solanum lycopersicum (Tomato)
K4C8C1_SOLLC; 5;Solanum lycopersicum (Tomato)
K4CNA9_SOLLC; 5;Solanum lycopersicum (Tomato)
K4CNZ7_SOLLC; 5;Solanum lycopersicum (Tomato)
K4BBF4_SOLLC; 5;Solanum lycopersicum (Tomato)
K4BMP7_SOLLC; 5;Solanum lycopersicum (Tomato)
K4CID0_SOLLC; 5;Solanum lycopersicum (Tomato)
K4D6F7_SOLLC; 5;Solanum lycopersicum (Tomato)
K4BWP3_SOLLC; 5;Solanum lycopersicum (Tomato)
K4BLQ6_SOLLC; 5;Solanum lycopersicum (Tomato)
K4CIH6_SOLLC; 5;Solanum lycopersicum (Tomato)
K4BMC7_SOLLC; 5;Solanum lycopersicum (Tomato)
K4BGY9_SOLLC; 5;Solanum lycopersicum (Tomato)
K4CTU1_SOLLC; 5;Solanum lycopersicum (Tomato)
K4BRP0_SOLLC; 5;Solanum lycopersicum (Tomato)
K4D913_SOLLC; 5;Solanum lycopersicum (Tomato)
K4BVD9_SOLLC; 5;Solanum lycopersicum (Tomato)
K4CUY8_SOLLC; 5;Solanum lycopersicum (Tomato)
K4BTF6_SOLLC; 5;Solanum lycopersicum (Tomato)
K4BX52_SOLLC; 5;Solanum lycopersicum (Tomato)
K4ASK3_SOLLC; 5;Solanum lycopersicum (Tomato)
K4AY46_SOLLC; 5;Solanum lycopersicum (Tomato)
K4D3F0_SOLLC; 5;Solanum lycopersicum (Tomato)
K4DEJ8_SOLLC; 5;Solanum lycopersicum (Tomato)
K4BE96_SOLLC; 5;Solanum lycopersicum (Tomato)
K4C446_SOLLC; 5;Solanum lycopersicum (Tomato)
K4BY49_SOLLC; 5;Solanum lycopersicum (Tomato)
K4AZK3_SOLLC; 5;Solanum lycopersicum (Tomato)
K4D2S5_SOLLC; 5;Solanum lycopersicum (Tomato)
K4B037_SOLLC; 5;Solanum lycopersicum (Tomato)
K4D4Z1_SOLLC; 5;Solanum lycopersicum (Tomato)
K4CAJ7_SOLLC; 5;Solanum lycopersicum (Tomato)
K4D4Z0_SOLLC; 5;Solanum lycopersicum (Tomato)
K4CZ61_SOLLC; 5;Solanum lycopersicum (Tomato)
K4D4Y9_SOLLC; 5;Solanum lycopersicum (Tomato)
K4C8I5_SOLLC; 5;Solanum lycopersicum (Tomato)
K4CLH9_SOLLC; 5;Solanum lycopersicum (Tomato)
K4BN99_SOLLC; 5;Solanum lycopersicum (Tomato)
K4B948_SOLLC; 5;Solanum lycopersicum (Tomato)
K4CPI5_SOLLC; 5;Solanum lycopersicum (Tomato)
K4BC88_SOLLC; 5;Solanum lycopersicum (Tomato)
K4AXV8_SOLLC; 5;Solanum lycopersicum (Tomato)
K4BNS2_SOLLC; 5;Solanum lycopersicum (Tomato)
K4B1X9_SOLLC; 5;Solanum lycopersicum (Tomato)
K4BQ98_SOLLC; 5;Solanum lycopersicum (Tomato)
K4BAK3_SOLLC; 5;Solanum lycopersicum (Tomato)
K4BKQ8_SOLLC; 5;Solanum lycopersicum (Tomato)
K4AT10_SOLLC; 5;Solanum lycopersicum (Tomato)
K4BN56_SOLLC; 5;Solanum lycopersicum (Tomato)
K4D4N5_SOLLC; 5;Solanum lycopersicum (Tomato)
K4C6J7_SOLLC; 5;Solanum lycopersicum (Tomato)
K4CQT7_SOLLC; 5;Solanum lycopersicum (Tomato)
K4AY35_SOLLC; 5;Solanum lycopersicum (Tomato)
K4C8N4_SOLLC; 5;Solanum lycopersicum (Tomato)
K4BL27_SOLLC; 5;Solanum lycopersicum (Tomato)
K4C3I9_SOLLC; 5;Solanum lycopersicum (Tomato)
K4BZ47_SOLLC; 5;Solanum lycopersicum (Tomato)
K4BCM5_SOLLC; 5;Solanum lycopersicum (Tomato)
K4CVG0_SOLLC; 5;Solanum lycopersicum (Tomato)
K4BEX4_SOLLC; 5;Solanum lycopersicum (Tomato)
K4BWT6_SOLLC; 5;Solanum lycopersicum (Tomato)
K4BZA5_SOLLC; 5;Solanum lycopersicum (Tomato)
K4DI39_SOLLC; 5;Solanum lycopersicum (Tomato)
K4CLY8_SOLLC; 5;Solanum lycopersicum (Tomato)
K4CWQ0_SOLLC; 5;Solanum lycopersicum (Tomato)
K4BIC0_SOLLC; 5;Solanum lycopersicum (Tomato)
K4BVA3_SOLLC; 5;Solanum lycopersicum (Tomato)
K4B3C2_SOLLC; 5;Solanum lycopersicum (Tomato)
K4CEJ1_SOLLC; 5;Solanum lycopersicum (Tomato)
K4DGM2_SOLLC; 5;Solanum lycopersicum (Tomato)
K4BYE0_SOLLC; 5;Solanum lycopersicum (Tomato)
K4BU92_SOLLC; 5;Solanum lycopersicum (Tomato)
K4C4C3_SOLLC; 5;Solanum lycopersicum (Tomato)
K4B1D6_SOLLC; 5;Solanum lycopersicum (Tomato)
K4C1T2_SOLLC; 5;Solanum lycopersicum (Tomato)
K4B799_SOLLC; 5;Solanum lycopersicum (Tomato)
K4BYV8_SOLLC; 5;Solanum lycopersicum (Tomato)
K4CQP1_SOLLC; 5;Solanum lycopersicum (Tomato)
K4BCE8_SOLLC; 5;Solanum lycopersicum (Tomato)
K4CC07_SOLLC; 5;Solanum lycopersicum (Tomato)
K4BEH6_SOLLC; 5;Solanum lycopersicum (Tomato)
K4BAQ8_SOLLC; 5;Solanum lycopersicum (Tomato)
K4B0T5_SOLLC; 5;Solanum lycopersicum (Tomato)
K4BSK3_SOLLC; 5;Solanum lycopersicum (Tomato)
K4AZM0_SOLLC; 5;Solanum lycopersicum (Tomato)
K4BJ22_SOLLC; 5;Solanum lycopersicum (Tomato)
K4CHP1_SOLLC; 5;Solanum lycopersicum (Tomato)
K4C6L8_SOLLC; 5;Solanum lycopersicum (Tomato)
K4CX46_SOLLC; 5;Solanum lycopersicum (Tomato)
K4BYV9_SOLLC; 5;Solanum lycopersicum (Tomato)
K4DC39_SOLLC; 5;Solanum lycopersicum (Tomato)
K4C2K9_SOLLC; 5;Solanum lycopersicum (Tomato)
K4CQW6_SOLLC; 5;Solanum lycopersicum (Tomato)
K4BKC8_SOLLC; 5;Solanum lycopersicum (Tomato)
K4B988_SOLLC; 5;Solanum lycopersicum (Tomato)
K4D2Y9_SOLLC; 5;Solanum lycopersicum (Tomato)
K4CK98_SOLLC; 5;Solanum lycopersicum (Tomato)
K4D307_SOLLC; 5;Solanum lycopersicum (Tomato)
K4CLY7_SOLLC; 5;Solanum lycopersicum (Tomato)
K4B862_SOLLC; 5;Solanum lycopersicum (Tomato)
K4BTQ0_SOLLC; 5;Solanum lycopersicum (Tomato)
K4CEB1_SOLLC; 5;Solanum lycopersicum (Tomato)
K4CU51_SOLLC; 5;Solanum lycopersicum (Tomato)
K4AYR0_SOLLC; 5;Solanum lycopersicum (Tomato)
K4B224_SOLLC; 5;Solanum lycopersicum (Tomato)
K4CV79_SOLLC; 5;Solanum lycopersicum (Tomato)
K4DGC2_SOLLC; 5;Solanum lycopersicum (Tomato)
K4CGM5_SOLLC; 5;Solanum lycopersicum (Tomato)
K4CU72_SOLLC; 5;Solanum lycopersicum (Tomato)
K4AX08_SOLLC; 5;Solanum lycopersicum (Tomato)
K4D6P9_SOLLC; 5;Solanum lycopersicum (Tomato)
K4CGF9_SOLLC; 5;Solanum lycopersicum (Tomato)
K4C8C3_SOLLC; 5;Solanum lycopersicum (Tomato)
K4C3N3_SOLLC; 5;Solanum lycopersicum (Tomato)
K4B8Z1_SOLLC; 5;Solanum lycopersicum (Tomato)
K4BW44_SOLLC; 5;Solanum lycopersicum (Tomato)
K4CFU3_SOLLC; 5;Solanum lycopersicum (Tomato)
K4CNL2_SOLLC; 5;Solanum lycopersicum (Tomato)
K4DI57_SOLLC; 5;Solanum lycopersicum (Tomato)
K4C6I0_SOLLC; 5;Solanum lycopersicum (Tomato)
K4B9Z5_SOLLC; 5;Solanum lycopersicum (Tomato)
K4DBI5_SOLLC; 5;Solanum lycopersicum (Tomato)
K4CHN8_SOLLC; 5;Solanum lycopersicum (Tomato)
K4CWD4_SOLLC; 5;Solanum lycopersicum (Tomato)
K4ASQ4_SOLLC; 5;Solanum lycopersicum (Tomato)
K4AYE0_SOLLC; 5;Solanum lycopersicum (Tomato)
K4CFQ6_SOLLC; 5;Solanum lycopersicum (Tomato)
K4CWJ2_SOLLC; 5;Solanum lycopersicum (Tomato)
K4AXC1_SOLLC; 5;Solanum lycopersicum (Tomato)
K4CZP7_SOLLC; 5;Solanum lycopersicum (Tomato)
K4BTL3_SOLLC; 5;Solanum lycopersicum (Tomato)
K4CDY9_SOLLC; 5;Solanum lycopersicum (Tomato)
K4BPJ3_SOLLC; 5;Solanum lycopersicum (Tomato)
K4CV44_SOLLC; 5;Solanum lycopersicum (Tomato)
K4CJL1_SOLLC; 5;Solanum lycopersicum (Tomato)
K4DCP5_SOLLC; 5;Solanum lycopersicum (Tomato)
K4CCG6_SOLLC; 5;Solanum lycopersicum (Tomato)
K4BQD7_SOLLC; 5;Solanum lycopersicum (Tomato)
K4D551_SOLLC; 5;Solanum lycopersicum (Tomato)
K4CR09_SOLLC; 5;Solanum lycopersicum (Tomato)
K4BU73_SOLLC; 5;Solanum lycopersicum (Tomato)
K4BKJ0_SOLLC; 5;Solanum lycopersicum (Tomato)
K4BH70_SOLLC; 5;Solanum lycopersicum (Tomato)
K4AZX9_SOLLC; 5;Solanum lycopersicum (Tomato)
K4CBF3_SOLLC; 5;Solanum lycopersicum (Tomato)
K4CUI1_SOLLC; 5;Solanum lycopersicum (Tomato)
K4DI12_SOLLC; 5;Solanum lycopersicum (Tomato)
K4D519_SOLLC; 5;Solanum lycopersicum (Tomato)
K4BXS9_SOLLC; 5;Solanum lycopersicum (Tomato)
K4D4L1_SOLLC; 5;Solanum lycopersicum (Tomato)
K4DG25_SOLLC; 5;Solanum lycopersicum (Tomato)
K4DHX2_SOLLC; 5;Solanum lycopersicum (Tomato)
K4B0L1_SOLLC; 5;Solanum lycopersicum (Tomato)
K4B382_SOLLC; 5;Solanum lycopersicum (Tomato)
K4AZ86_SOLLC; 5;Solanum lycopersicum (Tomato)
K4CQC1_SOLLC; 5;Solanum lycopersicum (Tomato)
K4B099_SOLLC; 5;Solanum lycopersicum (Tomato)
K4CWN6_SOLLC; 5;Solanum lycopersicum (Tomato)
K4CUJ6_SOLLC; 5;Solanum lycopersicum (Tomato)
K4B0B9_SOLLC; 5;Solanum lycopersicum (Tomato)
K4CAX5_SOLLC; 5;Solanum lycopersicum (Tomato)
K4BBF8_SOLLC; 5;Solanum lycopersicum (Tomato)
K4B2P4_SOLLC; 5;Solanum lycopersicum (Tomato)
K4BWZ4_SOLLC; 5;Solanum lycopersicum (Tomato)
K4BC78_SOLLC; 5;Solanum lycopersicum (Tomato)
K4D5J2_SOLLC; 5;Solanum lycopersicum (Tomato)
K4BVI9_SOLLC; 5;Solanum lycopersicum (Tomato)
K4BP17_SOLLC; 5;Solanum lycopersicum (Tomato)
K4DE24_SOLLC; 5;Solanum lycopersicum (Tomato)
K4CB74_SOLLC; 5;Solanum lycopersicum (Tomato)
K4BPS5_SOLLC; 5;Solanum lycopersicum (Tomato)
K4C9I2_SOLLC; 5;Solanum lycopersicum (Tomato)
K4C7Z8_SOLLC; 5;Solanum lycopersicum (Tomato)
K4B7I8_SOLLC; 5;Solanum lycopersicum (Tomato)
K4BJE3_SOLLC; 5;Solanum lycopersicum (Tomato)
K4D8I0_SOLLC; 5;Solanum lycopersicum (Tomato)
K4CMI6_SOLLC; 5;Solanum lycopersicum (Tomato)
K4CED9_SOLLC; 5;Solanum lycopersicum (Tomato)
K4BRD3_SOLLC; 5;Solanum lycopersicum (Tomato)
K4CRX2_SOLLC; 5;Solanum lycopersicum (Tomato)
K4BB92_SOLLC; 5;Solanum lycopersicum (Tomato)
K4BSB6_SOLLC; 5;Solanum lycopersicum (Tomato)
K4BJI4_SOLLC; 5;Solanum lycopersicum (Tomato)
K4BE71_SOLLC; 5;Solanum lycopersicum (Tomato)
K4B453_SOLLC; 5;Solanum lycopersicum (Tomato)
K4B808_SOLLC; 5;Solanum lycopersicum (Tomato)
K4C4N1_SOLLC; 5;Solanum lycopersicum (Tomato)
K4C7K2_SOLLC; 5;Solanum lycopersicum (Tomato)
K4CP67_SOLLC; 5;Solanum lycopersicum (Tomato)
K4D5R6_SOLLC; 5;Solanum lycopersicum (Tomato)
K4CM16_SOLLC; 5;Solanum lycopersicum (Tomato)
K4D179_SOLLC; 5;Solanum lycopersicum (Tomato)
K4CRA9_SOLLC; 5;Solanum lycopersicum (Tomato)
K4D3P0_SOLLC; 5;Solanum lycopersicum (Tomato)
K4B449_SOLLC; 5;Solanum lycopersicum (Tomato)
K4BHA1_SOLLC; 5;Solanum lycopersicum (Tomato)
K4B6Y2_SOLLC; 5;Solanum lycopersicum (Tomato)
K4B000_SOLLC; 5;Solanum lycopersicum (Tomato)
K4B332_SOLLC; 5;Solanum lycopersicum (Tomato)
K4BCG4_SOLLC; 5;Solanum lycopersicum (Tomato)
K4AXJ6_SOLLC; 5;Solanum lycopersicum (Tomato)
K4B027_SOLLC; 5;Solanum lycopersicum (Tomato)
K4D1D5_SOLLC; 5;Solanum lycopersicum (Tomato)
K4BKE7_SOLLC; 5;Solanum lycopersicum (Tomato)
K4B4L8_SOLLC; 5;Solanum lycopersicum (Tomato)
K4AX94_SOLLC; 5;Solanum lycopersicum (Tomato)
K4CNE4_SOLLC; 5;Solanum lycopersicum (Tomato)
K4BPR9_SOLLC; 5;Solanum lycopersicum (Tomato)
K4BN43_SOLLC; 5;Solanum lycopersicum (Tomato)
K4CQC4_SOLLC; 5;Solanum lycopersicum (Tomato)
K4BCR1_SOLLC; 5;Solanum lycopersicum (Tomato)
K4CP98_SOLLC; 5;Solanum lycopersicum (Tomato)
K4AZ27_SOLLC; 5;Solanum lycopersicum (Tomato)
K4CPS1_SOLLC; 5;Solanum lycopersicum (Tomato)
K4C0P4_SOLLC; 5;Solanum lycopersicum (Tomato)
K4BH14_SOLLC; 5;Solanum lycopersicum (Tomato)
K4BCK6_SOLLC; 5;Solanum lycopersicum (Tomato)
K4BLI6_SOLLC; 5;Solanum lycopersicum (Tomato)
K4CHS9_SOLLC; 5;Solanum lycopersicum (Tomato)
K4C7I3_SOLLC; 5;Solanum lycopersicum (Tomato)
K4D7J6_SOLLC; 5;Solanum lycopersicum (Tomato)
K4B1L4_SOLLC; 5;Solanum lycopersicum (Tomato)
K4BUA0_SOLLC; 5;Solanum lycopersicum (Tomato)
K4CMF7_SOLLC; 5;Solanum lycopersicum (Tomato)
K4C8U7_SOLLC; 5;Solanum lycopersicum (Tomato)
K4CT25_SOLLC; 5;Solanum lycopersicum (Tomato)
K4CNC9_SOLLC; 5;Solanum lycopersicum (Tomato)
K4BU89_SOLLC; 5;Solanum lycopersicum (Tomato)
K4AZE7_SOLLC; 5;Solanum lycopersicum (Tomato)
K4BIM5_SOLLC; 5;Solanum lycopersicum (Tomato)
K4BHH6_SOLLC; 5;Solanum lycopersicum (Tomato)
K4B0V9_SOLLC; 5;Solanum lycopersicum (Tomato)
K4BI44_SOLLC; 5;Solanum lycopersicum (Tomato)
K4BSY7_SOLLC; 5;Solanum lycopersicum (Tomato)
K4D9T5_SOLLC; 5;Solanum lycopersicum (Tomato)
K4BF55_SOLLC; 5;Solanum lycopersicum (Tomato)
K4BSZ2_SOLLC; 5;Solanum lycopersicum (Tomato)
K4CQN7_SOLLC; 5;Solanum lycopersicum (Tomato)
K4DDB1_SOLLC; 5;Solanum lycopersicum (Tomato)
K4B415_SOLLC; 5;Solanum lycopersicum (Tomato)
K4DHS2_SOLLC; 5;Solanum lycopersicum (Tomato)
K4D3R0_SOLLC; 5;Solanum lycopersicum (Tomato)
K4B733_SOLLC; 5;Solanum lycopersicum (Tomato)
K4BGJ1_SOLLC; 5;Solanum lycopersicum (Tomato)
K4BGF5_SOLLC; 5;Solanum lycopersicum (Tomato)
