id_seq; longueur; masse; sequence
S0; 264; 29001; MAAAAGGGTREEMVYMAKLAEQAERYEEMVEFMEKVVTAAAAGGGGELTVEERNLLSVAYKNVIGARRASWRIVSSIEQKEEGRGAAGHAAAARSYRARVEAELSNICAGILRLLDERLVPAAAAVDAKVFYLKMKGDYHRYLAEFKTGAERKDAADATLAAYQAAQDIAMKELSPTHPIRLGLALNFSVFYYEILNSPDRACTLAKQAFDEAISELDTLGEESYKDSTLIMQLLRDNLTLWTSDMQDDGGDEMRDATKPEDEH
S1; 262; 29864; MSAQAELSREENVYMAKLAEQAERYEEMVEFMEKVAKTVDSEELTVEERNLLSVAYKNVIGARRASWRIISSIEQKEESRGNEDRVTLIKDYRGKIETELTKICDGILKLLESHLVPSSTAPESKVFYLKMKGDYYRYLAEFKTGAERKDAAENTMVAYKAAQDIALAELPPTHPIRLGLALNFSVFYYEILNSPDRACNLAKQAFDEAISELDTLSEESYKDSTLIMQLLRDNLTLWTSDISEDTAEEIREAPKRDSSEGQ
S2; 256; 28827; MSREENVYMAKLAEQAERYEEMVEYMEKVAKTVDVEELTVEERNLLSVAYKNVIGARRASWRIVSSIEQKEEGRGNEEHVTLIKEYRGKIEAELSKICDGILKLLDSHLVPSSTAAESKVFYLKMKGDYHRYLAEFKTGAERKEAAESTMVAYKAAQDIALADLAPTHPIRLGLALNFSVFYYEILNSPDKACNLAKQAFDEAISELDTLGEESYKDSTLIMQLLRDNLTLWTSDLTEDGGDEVKEASKGDACEGQ
S3; 265; 29262; MSPAEPTREESVYKAKLAEQAERYEEMVEYMERVARAAGGASGGEELTVEERNLLSVAYKNVIGARRASWRIISSIEQKEEGRGNDAHAATIRSYRGKIEAELARICDGILALLDSHLVPSAGAAESKVFYLKMKGDYHRYLAEFKSGDERKQAAESTMNAYKAAQDIALADLAPTHPIRLGLALNFSVFYYEILNSPDRACNLAKQAFDEAISELDSLGEESYKDSTLIMQLLRDNLTLWTSDANDDGGDEIKEAAAPKEPGDQ
S4; 262; 29692; MSQPAELSREENVYMAKLAEQAERYEEMVEFMEKVAKTVDSEELTVEERNLLSVAYKNVIGARRASWRIISSIEQKEESRGNEDRCTLIKEYRGKIETELSKICDGILKLLDSHLVPSSTAPESKVFYLKMKGDYYRYLAEFKTGAERKDAAENTMVAYKAAQDIALAELPPTHPIRLGLALNFSVFYYEILNSPDRACNLAKQAFDEAISELDTLSEESYKDSTLIMQLLRDNLTLWTSDISEDAAEEIKEAPKGESGDGQ
S5; 260; 29178; MSPAEASREENVYMAKLAEQAERYEEMVEFMEKVAKTTDVGELTVEERNLLSVAYKNVIGARRASWRIISSIEQKEESRGNEAYVASIKEYRSRIETELSKICDGILKLLDSHLVPSATAAESKVFYLKMKGDYHRYLAEFKSGAERKEAAENTLVAYKSAQDIALADLPTTHPIRLGLALNFSVFYYEILNSPDRACNLAKQAFDDAIAELDTLGEESYKDSTLIMQLLRDNLTLWTSDNAEDGGDEIKEAAKPEGEGH
S6; 257; 28805; MAPSDDLVYMAKLAEQAERYDEMVEAMNSVAKLDEGLTKEERNLLSVGYKNLIGAKRAAMRIIGSIELKEETKGKESHVRQTAEYRRKVEAEMDKICCDVINIIDKYLIPHSSGAESSVFYYKMKGDYYRYLAEFKTGTEKIEVSELSLNAYETASKTAQTDLTPTDPIRLGLALNISVFYCEIMNSPDKACQLAKNAFDEAVAELPSLSEENYKDSTLIMQLLRDNLALWNSDMADDADDIRERTDTTGAKGDPAA
S7; 230; 25854; MKEREKVVRLAKLAEQAERYDDMVEFMKTLARMDVDMSAEERLLFSVGFKKTIGARRASWRILESLEQKVTAGDQPGVTINGYKKKVEDELRAVCNEVLSIIAIHCLPLANSGENVVFFYKMKGDYYRYLAEFSTGTEKKAATDQSLMAYQAWPCAQLFSLLEIMNSPERASQVAKQALDEATAEINSAGVEGYKDSMLMMQLLKENLALWTSELTGGETSKDDDVVMEG
S8; 487; 53139; MVSQVVAEEKPQLLSKKAGCNSHGQDSSYFLGWQEYEKNPFDPVSNPSGIIQMGLAENQLSFDLLEEWLEKNPHALGLRREGGGASVFRELALFQDYHGLPAFKNALARFMSEQRGYKVVFDPSNIVLTAGATSANEALMFCLADHGDAFLIPTPYYPGFDRDLKWRTGAEIVPVHCASANGFRVTRPALDDAYRRAQKRRLRVKGVLITNPSNPLGTASPRADLETIVDFVAAKGIHLISDEIYAGTAFAEPPAGFVSALEVVAGRDGGGADVSDRVHVVYSLSKDLGLPGFRVGAIYSANAAVVSAATKMSSFGLVSSQTQYLLAALLGDRDFTRSYVAENKRRIKERHDQLVDGLREIGIGCLPSNAGLFCWVDMSHLMRSRSFAGEMELWKKVVFEVGLNISPGSSCHCREPGWFRVCFANMSAKTLDVAMQRLRSFVDSATGGGDNAALRRAAVPVRSVSCPLAIKWALRLTPSIADRKAER
S9; 581; 64752; MMNPDGGDGDRLEAAGAGSSSAQQGHPTMEWRFAQVFGERAAGEDVQEVDIISAIEFDKSGDHLATGDRGGRVVLFERTDARDNASRREMERQDAPITRHPEFRYKSEFQSHEPEFDYLKSLEIEEKINKIRWCQTANNSLSLLSTNDKTIKYWKVQEKKVKQVSVMNLDSRSVGTGTSSSASTSSSRGLLPNGGCSDKSSFLNSDILFPPGGYPSLRLPVVVASQDVNLVARCRRVYAHAHDYHINSISTNSDGETYISADDLRINLWNLEINNQSFNIVDVKPPNMEDLTEVITCAEFHPTHCNTLAYSSSKGSIRLIDLRQSALCDNHSKIFEEHEAPGSRSFFTEIIASISDIKFSRDGRYILSRDYMTLKLWDLNMDSGPVSTFQVHEHLRPKLCDLYENDSIFDKFECCLSGDGLHVATGSYGNLFRVFGCTPGSTEATTLEASRNPMRRQIVNPTRPTRTLTSLARGVRRGGENQGVDANGNSFDFSTKLLHLAWHPTENSIACAAANSLYMYYARRCLRKFIVFGSLLEAACLHMQPEIWCRMLSSIPPLGPKEAVDAHKMAFVAVTASLLIL